listing_id,predicted_price,created_at,model_version
50032602,233.3358284563426,2026-01-02 01:18:21.576524,v1.0
565430340731534459,279.5336611070239,2026-01-02 01:19:26.29509,v1.0
3527764,233.8073689728425,2026-01-02 01:20:26.815714,v1.0
3527764,233.8073689728425,2026-01-02 02:30:03.961034,v1.0
1003437049851150279,235.299960862591,2026-01-02 03:52:20.240189,v1.0
1003437049851150279,139.38170543416527,2026-01-02 03:52:51.637526,v2.0
1003437049851150279,138.6185489810002,2026-01-02 04:25:22.22791,v3.0
1238724380621296610,157.7834356832197,2026-01-02 07:35:58.726979,v3.0
822620155766229408,278.28013957998485,2026-01-02 08:15:15.388616,v4.0
1083605109713339980,198.49883805957188,2026-01-02 08:40:23.105557,v4.0
12171671,157.4440795009112,2026-01-04 01:55:42.164979,v4.0
1070450891681156687,349.1226127292184,2026-01-04 01:55:42.235514,v4.0
2451647,273.5086914586906,2026-01-04 01:55:42.240135,v4.0
1407344736645729737,189.94645352921418,2026-01-04 01:55:42.245052,v4.0
43311037,169.92849514716443,2026-01-04 01:55:42.248555,v4.0
1522452046002204358,350.5190734239046,2026-01-04 01:55:42.252285,v4.0
45595993,182.1451293217727,2026-01-04 01:55:42.255869,v4.0
17157615,117.56078088993229,2026-01-04 01:55:42.25979,v4.0
1108082653379426204,305.123338215163,2026-01-04 01:55:42.263577,v4.0
49946463,266.1865893205979,2026-01-04 01:55:42.267942,v4.0
837213410815312557,298.2718223696177,2026-01-04 01:55:42.272054,v4.0
1450862669308335601,213.9388944148412,2026-01-04 01:55:42.276114,v4.0
23438247,243.18396782887456,2026-01-04 01:55:42.279844,v4.0
886856156430249385,378.3570164716713,2026-01-04 01:55:42.283991,v4.0
1488416489756723302,268.45776478082377,2026-01-04 01:55:42.287377,v4.0
5298896,284.2372916329035,2026-01-04 01:55:42.290919,v4.0
995941212621416043,209.0055459270965,2026-01-04 01:55:42.294226,v4.0
13788132,235.50709129037628,2026-01-04 01:55:42.298112,v4.0
658772827164292906,317.3983723286295,2026-01-04 01:55:42.301805,v4.0
1093615036600977781,220.13950284723762,2026-01-04 01:55:42.305963,v4.0
23130144,224.43500643014346,2026-01-04 01:55:42.30986,v4.0
1044596274887028908,239.00384923962827,2026-01-04 01:55:42.313711,v4.0
43315277,225.67683678277956,2026-01-04 01:55:42.317257,v4.0
1105403969448940593,181.34332599502756,2026-01-04 01:55:42.320608,v4.0
53386606,238.4335245098014,2026-01-04 01:55:42.324156,v4.0
1313480536882565302,271.8734708876923,2026-01-04 01:55:42.327629,v4.0
1385444743317351076,170.5737853892353,2026-01-04 01:55:42.331903,v4.0
751544681082578652,176.41423466167643,2026-01-04 01:55:42.335926,v4.0
1450862435088144752,229.901075514161,2026-01-04 01:55:42.339768,v4.0
6146783,292.7465363257519,2026-01-04 01:55:42.343781,v4.0
52611526,325.3078796188102,2026-01-04 01:55:42.347703,v4.0
1003437049851150279,261.6173944882246,2026-01-04 01:55:42.350976,v4.0
16580,256.94296711865064,2026-01-04 01:55:42.355122,v4.0
54068618,217.5076938499793,2026-01-04 01:55:42.358936,v4.0
19086522,194.81931505576557,2026-01-04 01:55:42.362769,v4.0
7837816,223.68204724135035,2026-01-04 01:55:42.366736,v4.0
1177359119693006427,274.3695442429294,2026-01-04 01:55:42.369998,v4.0
34705719,186.05740626854487,2026-01-04 01:55:42.37348,v4.0
1020325080427729176,291.99041089503544,2026-01-04 01:55:42.377022,v4.0
1522745366930436649,255.5807486058909,2026-01-04 01:55:42.38092,v4.0
1125474619181498280,153.188748883988,2026-01-04 01:55:42.384054,v4.0
1532754392237645472,292.44086550392814,2026-01-04 01:55:42.387507,v4.0
1166118086665626216,171.43525620284788,2026-01-04 01:55:42.390921,v4.0
13902725,229.96951964356023,2026-01-04 01:55:42.394323,v4.0
49951454,165.3022517233327,2026-01-04 01:55:42.398555,v4.0
41367371,219.67758630413127,2026-01-04 01:55:42.401825,v4.0
8704528,253.4397094975968,2026-01-04 01:55:42.405755,v4.0
1305095293816213388,296.0423103695538,2026-01-04 01:55:42.409044,v4.0
764578441677175829,296.8687461760355,2026-01-04 01:55:42.412845,v4.0
22109870,176.24604078668938,2026-01-04 01:55:42.416036,v4.0
1464936280528850009,203.5586401896752,2026-01-04 01:55:42.419319,v4.0
1225546543633148394,204.88412257647434,2026-01-04 01:55:42.422753,v4.0
1105496514661879085,217.71633321715524,2026-01-04 01:55:42.426982,v4.0
15783071,174.73431272511831,2026-01-04 01:55:42.430737,v4.0
701279449329328106,225.3795633515296,2026-01-04 01:55:42.434471,v4.0
1553882589097838038,226.52207585477407,2026-01-04 01:55:42.438112,v4.0
4152752,187.5414229663756,2026-01-04 01:55:42.441293,v4.0
1200011902007184561,211.52439759739366,2026-01-04 01:55:42.444621,v4.0
1574314431236484074,215.72150308952683,2026-01-04 01:55:42.448712,v4.0
53494300,228.841953518281,2026-01-04 01:55:42.45211,v4.0
838028693896424740,146.50351984101985,2026-01-04 01:55:42.456003,v4.0
1305094445506176270,357.01196586304843,2026-01-04 01:55:42.459689,v4.0
1388789584336850981,224.19693133069563,2026-01-04 01:55:42.463239,v4.0
1041477525563744772,240.4734988403236,2026-01-04 01:55:42.466467,v4.0
972805172969056732,210.9227907160909,2026-01-04 01:55:42.469743,v4.0
1197859177973871671,210.78792716243373,2026-01-04 01:55:42.473825,v4.0
53749136,276.53533518468714,2026-01-04 01:55:42.476843,v4.0
52554380,219.8561055511105,2026-01-04 01:55:42.480651,v4.0
15115382,203.03062818133267,2026-01-04 01:55:42.484358,v4.0
1413634501332174889,274.62717619426206,2026-01-04 01:55:42.488094,v4.0
752124417745502491,311.9298139905662,2026-01-04 01:55:42.492219,v4.0
1357403506923199510,289.1761901507226,2026-01-04 01:55:42.495568,v4.0
20999025,211.68704149719545,2026-01-04 01:55:42.499715,v4.0
733422980036577408,247.32208199572182,2026-01-04 01:55:42.503049,v4.0
1069580354212412517,299.5812572962264,2026-01-04 01:55:42.50722,v4.0
1385758419382486826,239.70715732559725,2026-01-04 01:55:42.511057,v4.0
20999025,211.68704149719545,2026-01-04 01:55:42.514599,v4.0
19710742,282.89355282172284,2026-01-04 01:55:42.517529,v4.0
15789337,220.46472485100506,2026-01-04 01:55:42.521576,v4.0
1069580354212412517,299.5812572962264,2026-01-04 01:55:42.525051,v4.0
972740017700582747,216.42453634841692,2026-01-04 01:55:42.528312,v4.0
1281256554143476876,234.54353474284662,2026-01-04 01:55:42.532223,v4.0
1281302979352188852,238.92357755474106,2026-01-04 01:55:42.536187,v4.0
1008246140374586613,217.27908540089336,2026-01-04 01:55:42.539915,v4.0
13813731,338.02968424419373,2026-01-04 01:55:42.543586,v4.0
1027022256226682028,261.7923861375088,2026-01-04 01:55:42.547444,v4.0
752124417745502491,311.9298139905662,2026-01-04 01:55:42.550876,v4.0
1359627648745653844,199.782015966235,2026-01-04 01:55:42.554624,v4.0
1209671786175519832,374.48856943222575,2026-01-04 01:55:42.558184,v4.0
52921783,258.0793922417467,2026-01-04 01:55:42.561268,v4.0
1161656470498296604,283.5854175553716,2026-01-04 01:55:42.564811,v4.0
5309959,202.51843651624586,2026-01-04 01:55:42.568969,v4.0
16430087,233.7695489352755,2026-01-04 01:55:42.57222,v4.0
1177500655441331249,238.386565387403,2026-01-04 01:55:42.576181,v4.0
1127656056268893557,211.51214079049151,2026-01-04 01:55:42.58037,v4.0
19194956,153.14780370667134,2026-01-04 01:55:42.583533,v4.0
1393729124879349876,267.4607924622556,2026-01-04 01:55:42.586986,v4.0
1054669444835087590,175.76556773366678,2026-01-04 01:55:42.59109,v4.0
43310986,159.09038670477207,2026-01-04 01:55:42.59428,v4.0
1170446381119755665,232.97247251915311,2026-01-04 01:55:42.598138,v4.0
1166252537202042135,257.2955723981927,2026-01-04 01:55:42.602077,v4.0
24996332,234.81624764477078,2026-01-04 01:55:42.605722,v4.0
31301754,257.20733534757335,2026-01-04 01:55:42.60894,v4.0
15067291,226.785272203686,2026-01-04 01:55:42.612636,v4.0
827423328399331714,327.0234476841204,2026-01-04 01:55:42.616073,v4.0
1314654084272097211,238.0571568963387,2026-01-04 01:55:42.619369,v4.0
946746350267352525,165.01894544568125,2026-01-04 01:55:42.622738,v4.0
1177739205681115996,272.6552826677254,2026-01-04 01:55:42.627064,v4.0
1495255829787485284,290.5365262909985,2026-01-04 01:55:42.630907,v4.0
53707410,263.7015166414599,2026-01-04 01:55:42.634046,v4.0
12171671,157.4440795009112,2026-01-04 01:55:42.638118,v4.0
1070450891681156687,349.1226127292184,2026-01-04 01:55:42.641153,v4.0
2451647,273.5086914586906,2026-01-04 01:55:42.644944,v4.0
1407344736645729737,189.94645352921418,2026-01-04 01:55:42.648691,v4.0
43311037,169.92849514716443,2026-01-04 01:55:42.651728,v4.0
1522452046002204358,350.5190734239046,2026-01-04 01:55:42.655524,v4.0
45595993,182.1451293217727,2026-01-04 01:55:42.659105,v4.0
1108082653379426204,305.123338215163,2026-01-04 01:55:42.662214,v4.0
17157615,117.56078088993229,2026-01-04 01:55:42.666041,v4.0
49946463,266.1865893205979,2026-01-04 01:55:42.669711,v4.0
837213410815312557,298.2718223696177,2026-01-04 01:55:42.673388,v4.0
1450862669308335601,213.9388944148412,2026-01-04 01:55:42.677009,v4.0
886856156430249385,378.3570164716713,2026-01-04 01:55:42.680636,v4.0
1488416489756723302,268.45776478082377,2026-01-04 01:55:42.684135,v4.0
23438247,243.18396782887456,2026-01-04 01:55:42.68731,v4.0
23130144,224.43500643014346,2026-01-04 01:55:42.691169,v4.0
5298896,284.2372916329035,2026-01-04 01:55:42.694952,v4.0
6146783,292.7465363257519,2026-01-04 01:55:42.698864,v4.0
658772827164292906,317.3983723286295,2026-01-04 01:55:42.702199,v4.0
1105403969448940593,181.34332599502756,2026-01-04 01:55:42.705974,v4.0
995941212621416043,209.0055459270965,2026-01-04 01:55:42.709767,v4.0
1093615036600977781,220.13950284723762,2026-01-04 01:55:42.713197,v4.0
43315277,225.67683678277956,2026-01-04 01:55:42.716578,v4.0
838028693896424740,146.50351984101985,2026-01-04 01:55:42.719744,v4.0
13788132,235.50709129037628,2026-01-04 01:55:42.723767,v4.0
34705719,186.05740626854487,2026-01-04 01:55:42.72684,v4.0
53386606,238.4335245098014,2026-01-04 01:55:42.730694,v4.0
1003437049851150279,261.6173944882246,2026-01-04 01:55:42.733799,v4.0
19086522,194.81931505576557,2026-01-04 01:55:42.737062,v4.0
54068618,217.5076938499793,2026-01-04 01:55:42.740999,v4.0
52611526,325.3078796188102,2026-01-04 01:55:42.744698,v4.0
1313480536882565302,271.8734708876923,2026-01-04 01:55:42.74831,v4.0
1450862435088144752,229.901075514161,2026-01-04 01:55:42.7513,v4.0
16580,256.94296711865064,2026-01-04 01:55:42.754428,v4.0
751544681082578652,176.41423466167643,2026-01-04 01:55:42.758304,v4.0
13902725,229.96951964356023,2026-01-04 01:55:42.761481,v4.0
1166118086665626216,171.43525620284788,2026-01-04 01:55:42.764857,v4.0
1385444743317351076,170.5737853892353,2026-01-04 01:55:42.768132,v4.0
1305095293816213388,296.0423103695538,2026-01-04 01:55:42.771855,v4.0
1044596274887028908,239.00384923962827,2026-01-04 01:55:42.774982,v4.0
13902725,229.96951964356023,2026-01-04 01:55:42.778237,v4.0
1020325080427729176,291.99041089503544,2026-01-04 01:55:42.782246,v4.0
838028693896424740,146.50351984101985,2026-01-04 01:55:42.785325,v4.0
1305095293816213388,296.0423103695538,2026-01-04 01:55:42.789835,v4.0
1166118086665626216,171.43525620284788,2026-01-04 01:55:42.793934,v4.0
47906957,242.97314548104956,2026-01-04 01:55:42.797629,v4.0
1567491374953791719,246.16958216335175,2026-01-04 01:55:42.801423,v4.0
49951454,165.3022517233327,2026-01-04 01:55:42.805148,v4.0
1147174224210375956,330.77382469299187,2026-01-04 01:55:42.808869,v4.0
1142713791029870240,333.0185429586287,2026-01-04 01:55:42.812548,v4.0
41367371,219.67758630413127,2026-01-04 01:55:42.816273,v4.0
1464936280528850009,203.5586401896752,2026-01-04 01:55:42.819936,v4.0
8704528,253.4397094975968,2026-01-04 01:55:42.823156,v4.0
764578441677175829,296.8687461760355,2026-01-04 01:55:42.826448,v4.0
1105496514661879085,217.71633321715524,2026-01-04 01:55:42.830203,v4.0
22109870,176.24604078668938,2026-01-04 01:55:42.833845,v4.0
1225546543633148394,204.88412257647434,2026-01-04 01:55:42.837003,v4.0
1553882589097838038,226.52207585477407,2026-01-04 01:55:42.840906,v4.0
1200011902007184561,211.52439759739366,2026-01-04 01:55:42.844727,v4.0
701279449329328106,225.3795633515296,2026-01-04 01:55:42.847902,v4.0
1388789584336850981,224.19693133069563,2026-01-04 01:55:42.851746,v4.0
15783071,174.73431272511831,2026-01-04 01:55:42.85529,v4.0
1574314431236484074,215.72150308952683,2026-01-04 01:55:42.858484,v4.0
1305094445506176270,357.01196586304843,2026-01-04 01:55:42.861683,v4.0
4152752,187.5414229663756,2026-01-04 01:55:42.865518,v4.0
53494300,228.841953518281,2026-01-04 01:55:42.869439,v4.0
972740017700582747,216.42453634841692,2026-01-04 01:55:42.872844,v4.0
1041477525563744772,240.4734988403236,2026-01-04 01:55:42.876614,v4.0
1197859177973871671,210.78792716243373,2026-01-04 01:55:42.879871,v4.0
1069580354212412517,299.5812572962264,2026-01-04 01:55:42.883728,v4.0
53749136,276.53533518468714,2026-01-04 01:55:42.886942,v4.0
1281256554143476876,234.54353474284662,2026-01-04 01:55:42.891103,v4.0
752124417745502491,311.9298139905662,2026-01-04 01:55:42.895123,v4.0
1413634501332174889,274.62717619426206,2026-01-04 01:55:42.898831,v4.0
52554380,219.8561055511105,2026-01-04 01:55:42.902341,v4.0
733422980036577408,247.32208199572182,2026-01-04 01:55:42.906087,v4.0
15115382,203.03062818133267,2026-01-04 01:55:42.909173,v4.0
1357403506923199510,289.1761901507226,2026-01-04 01:55:42.912888,v4.0
1281302979352188852,238.92357755474106,2026-01-04 01:55:42.916593,v4.0
1281302979352188852,238.92357755474106,2026-01-04 01:55:42.919589,v4.0
1321939719785757760,238.6219798068589,2026-01-04 01:55:42.923551,v4.0
1385758419382486826,239.70715732559725,2026-01-04 01:55:42.926974,v4.0
19710742,282.89355282172284,2026-01-04 01:55:42.930803,v4.0
972805172969056732,210.9227907160909,2026-01-04 01:55:42.933931,v4.0
20999025,211.68704149719545,2026-01-04 01:55:42.938228,v4.0
13813731,338.02968424419373,2026-01-04 01:55:42.942064,v4.0
1027022256226682028,261.7923861375088,2026-01-04 01:55:42.945191,v4.0
52921783,258.0793922417467,2026-01-04 01:55:42.949064,v4.0
15789337,220.46472485100506,2026-01-04 01:55:42.952974,v4.0
1359627648745653844,199.782015966235,2026-01-04 01:55:42.956629,v4.0
1161656470498296604,283.5854175553716,2026-01-04 01:55:42.960356,v4.0
1209671786175519832,374.48856943222575,2026-01-04 01:55:42.963395,v4.0
43310986,159.09038670477207,2026-01-04 01:55:42.967577,v4.0
1170446381119755665,232.97247251915311,2026-01-04 01:55:42.970582,v4.0
5309959,202.51843651624586,2026-01-04 01:55:42.974007,v4.0
1054669444835087590,175.76556773366678,2026-01-04 01:55:42.977879,v4.0
49388478,275.23271305222676,2026-01-04 01:55:42.98137,v4.0
1393729124879349876,267.4607924622556,2026-01-04 01:55:42.985345,v4.0
19194956,153.14780370667134,2026-01-04 01:55:42.989153,v4.0
16430087,233.7695489352755,2026-01-04 01:55:42.993373,v4.0
1127656056268893557,211.51214079049151,2026-01-04 01:55:42.996677,v4.0
1539762695731118617,187.85851728505014,2026-01-04 01:55:43.000027,v4.0
1166252537202042135,257.2955723981927,2026-01-04 01:55:43.004264,v4.0
52128553,301.1695062816658,2026-01-04 01:55:43.007532,v4.0
1516700100033014957,193.57778379226505,2026-01-04 01:55:43.011455,v4.0
15067291,226.785272203686,2026-01-04 01:55:43.015291,v4.0
1314654084272097211,238.0571568963387,2026-01-04 01:55:43.019089,v4.0
24996332,234.81624764477078,2026-01-04 01:55:43.022701,v4.0
31301754,257.20733534757335,2026-01-04 01:55:43.02641,v4.0
1177739205681115996,272.6552826677254,2026-01-04 01:55:43.030121,v4.0
946746350267352525,165.01894544568125,2026-01-04 01:55:43.033488,v4.0
1177504045631878580,272.9167546217439,2026-01-04 01:55:43.036781,v4.0
15067291,226.785272203686,2026-01-04 01:55:43.040175,v4.0
52846109,187.68824923330016,2026-01-04 01:55:43.04413,v4.0
670291854273683571,244.45385831845186,2026-01-04 01:55:43.048131,v4.0
1233741840559332037,170.46727969109918,2026-01-04 01:55:43.051284,v4.0
1363031720625577626,151.97201153597044,2026-01-04 01:55:43.055263,v4.0
1304825665869200675,162.7322594000221,2026-01-04 01:55:43.059015,v4.0
52845168,191.57574443128658,2026-01-04 01:55:43.062149,v4.0
1170453307286952641,220.4821754023946,2026-01-04 01:55:43.065974,v4.0
968356497739578739,391.01656092809105,2026-01-04 01:55:43.070066,v4.0
30715051,220.4488158759982,2026-01-04 01:55:43.073792,v4.0
1115471563998250173,283.4045799704584,2026-01-04 01:55:43.077551,v4.0
1529862229950417023,202.95793233269924,2026-01-04 01:55:43.081365,v4.0
8055508,284.4839616260276,2026-01-04 01:55:43.085061,v4.0
1027701735368297984,183.64714606887773,2026-01-04 01:55:43.088414,v4.0
1388763703373433611,360.92883038819934,2026-01-04 01:55:43.09182,v4.0
1393730189600405443,195.38317858761303,2026-01-04 01:55:43.095199,v4.0
1319757062259613424,190.25222274359533,2026-01-04 01:55:43.099099,v4.0
1388617371798467387,308.93591697239543,2026-01-04 01:55:43.102675,v4.0
704610101267844712,203.3144973512433,2026-01-04 01:55:43.106507,v4.0
8152916,312.84792814022535,2026-01-04 01:55:43.109686,v4.0
15381675,190.62546841730105,2026-01-04 01:55:43.113579,v4.0
53608551,252.23281455505622,2026-01-04 01:55:43.117154,v4.0
19638293,232.975708474144,2026-01-04 01:55:43.120298,v4.0
710125502337453435,216.86603291464849,2026-01-04 01:55:43.124192,v4.0
1177449988217037376,301.6589898597031,2026-01-04 01:55:43.127561,v4.0
52846818,161.3143657929225,2026-01-04 01:55:43.131653,v4.0
1017770932469502768,192.6843739348564,2026-01-04 01:55:43.135573,v4.0
1359614298478862830,165.68041009198978,2026-01-04 01:55:43.139162,v4.0
1304829733458297120,172.95664540072633,2026-01-04 01:55:43.142827,v4.0
1551891234387394807,196.6856351221614,2026-01-04 01:55:43.146168,v4.0
1294224662469197490,189.06631004336742,2026-01-04 01:55:43.149948,v4.0
1241226565036164226,344.8484267225766,2026-01-04 01:55:43.153341,v4.0
742567489503884321,220.8979392447586,2026-01-04 01:55:43.15672,v4.0
8054651,277.02143909162334,2026-01-04 01:55:43.160909,v4.0
42075992,220.72381870059627,2026-01-04 01:55:43.1649,v4.0
1011072336902713153,172.36918678445429,2026-01-04 01:55:43.168209,v4.0
1231323082370617486,316.9469864666674,2026-01-04 01:55:43.171603,v4.0
1348229197862173442,239.5004673422623,2026-01-04 01:55:43.175145,v4.0
1348816325580572400,247.13433959151192,2026-01-04 01:55:43.178511,v4.0
20014072,206.27104543152873,2026-01-04 01:55:43.182871,v4.0
842710704051634071,324.79245851844286,2026-01-04 01:55:43.186577,v4.0
6977204,231.72781601773417,2026-01-04 01:55:43.190281,v4.0
1361211388455895171,215.69817271397767,2026-01-04 01:55:43.193716,v4.0
1177473168936527770,285.37959499639595,2026-01-04 01:55:43.197492,v4.0
1011109092602276032,232.62322679319877,2026-01-04 01:55:43.200956,v4.0
43315235,159.7504773348008,2026-01-04 01:55:43.204987,v4.0
1368345301156208073,145.67158531423507,2026-01-04 01:55:43.208801,v4.0
1522544549385215305,148.93624121596287,2026-01-04 01:55:43.212727,v4.0
1161993018569444905,273.9448975607944,2026-01-04 01:55:43.216449,v4.0
971014919312107685,312.760037203827,2026-01-04 01:55:43.219617,v4.0
1284304094950879237,193.4434396883555,2026-01-04 01:55:43.223595,v4.0
1153108393676400179,334.07452892946924,2026-01-04 01:55:43.226712,v4.0
572530913771194520,304.5298679996806,2026-01-04 01:55:43.230687,v4.0
1551882790551643706,201.10600994863248,2026-01-04 01:55:43.233983,v4.0
31593457,205.81455602536948,2026-01-04 01:55:43.237257,v4.0
1121728149508963756,197.7958183605939,2026-01-04 01:55:43.241315,v4.0
1445866841793395391,252.75511646809105,2026-01-04 01:55:43.244628,v4.0
1534393179376973102,352.83992598952983,2026-01-04 01:55:43.248917,v4.0
1420567450295344151,319.35584908888416,2026-01-04 01:55:43.252753,v4.0
1177429576159372498,262.4097086635038,2026-01-04 01:55:43.256395,v4.0
1393726230567032807,228.9509763798004,2026-01-04 01:55:43.260517,v4.0
1393719303728971026,189.79363713548577,2026-01-04 01:55:43.264133,v4.0
1207148805164324844,219.10646460157264,2026-01-04 01:55:43.267338,v4.0
1177495468022051968,204.00318371641316,2026-01-04 01:55:43.270603,v4.0
8055721,304.99402562524887,2026-01-04 01:55:43.274776,v4.0
1450862435088144752,229.901075514161,2026-01-04 01:55:43.278038,v4.0
1532754392237645472,292.44086550392814,2026-01-04 01:55:43.282111,v4.0
890578160748025477,287.1679001948195,2026-01-04 01:55:43.285793,v4.0
565430340731534459,289.9790328053432,2026-01-04 01:55:43.289104,v4.0
1162392324462030686,276.8211996016572,2026-01-04 01:55:43.292675,v4.0
1157986393909875539,226.25713678553495,2026-01-04 01:55:43.295984,v4.0
1449333582048837621,301.375423122823,2026-01-04 01:55:43.299915,v4.0
52417197,282.02535076973464,2026-01-04 01:55:43.303566,v4.0
1107531514397674564,321.22517053318825,2026-01-04 01:55:43.307435,v4.0
1157321297978459399,284.76541205052786,2026-01-04 01:55:43.311172,v4.0
1393719303728971026,189.79363713548577,2026-01-04 01:55:43.314879,v4.0
1170455226677183433,255.94211740398796,2026-01-04 01:55:43.318694,v4.0
1177495468022051968,204.00318371641316,2026-01-04 01:55:43.322284,v4.0
1445745174936428035,310.2907771280651,2026-01-04 01:55:43.32538,v4.0
41840320,192.0356297487311,2026-01-04 01:55:43.329175,v4.0
1563919620588664126,172.72086781105384,2026-01-04 01:55:43.333031,v4.0
924600,294.91294470835027,2026-01-04 01:55:43.33627,v4.0
1317757101543582726,243.11351871961958,2026-01-04 01:55:43.340091,v4.0
1058176388807807449,256.6374187398951,2026-01-04 01:55:43.343934,v4.0
3527764,208.7559109732489,2026-01-04 01:55:43.348033,v4.0
653258474247952642,180.58187748315981,2026-01-04 01:55:43.351349,v4.0
1342396891155481118,298.9404788294003,2026-01-04 01:55:43.355433,v4.0
31474638,234.42272684822098,2026-01-04 01:55:43.358797,v4.0
50888320,271.19691126952563,2026-01-04 01:55:43.362051,v4.0
4968633,296.1986330218083,2026-01-04 01:55:43.36597,v4.0
1559061728129525304,191.10674979652686,2026-01-04 01:55:43.369624,v4.0
1555804998521226300,249.96981951630585,2026-01-04 01:55:43.373641,v4.0
31513692,162.92906224320234,2026-01-04 01:55:43.376842,v4.0
1502499830496127121,256.01760413623606,2026-01-04 01:55:43.380825,v4.0
1283363453103778751,226.28791925584136,2026-01-04 01:55:43.384396,v4.0
16430248,363.9803915843495,2026-01-04 01:55:43.387522,v4.0
1559061728129525304,191.10674979652686,2026-01-04 01:55:43.390885,v4.0
1502499830496127121,256.01760413623606,2026-01-04 01:55:43.394752,v4.0
1401730198664644951,187.3795911009321,2026-01-04 01:55:43.398369,v4.0
50888320,271.19691126952563,2026-01-04 01:55:43.401415,v4.0
41840320,192.0356297487311,2026-01-04 01:55:43.405699,v4.0
8873479,298.7096482874739,2026-01-04 01:55:43.409529,v4.0
31513692,162.92906224320234,2026-01-04 01:55:43.413481,v4.0
50032602,260.8735154183023,2026-01-04 01:55:43.417153,v4.0
1177429576159372498,262.4097086635038,2026-01-04 01:55:43.420459,v4.0
965836734967050413,129.73151291304535,2026-01-04 01:55:43.424261,v4.0
1359703325354680777,201.3879874585886,2026-01-04 01:55:43.427554,v4.0
1008246140374586613,217.27908540089336,2026-01-04 01:55:43.431589,v4.0
1380653801422991291,219.90954461550996,2026-01-04 01:55:43.435421,v4.0
617499038697675576,278.0096364639939,2026-01-04 01:55:43.439086,v4.0
8281045,256.43909711021774,2026-01-04 01:55:43.442351,v4.0
1083605109713339980,198.49883805957188,2026-01-04 01:55:43.445769,v4.0
14918238,197.24506229732316,2026-01-04 01:55:43.450112,v4.0
984681401887658062,305.49217828997604,2026-01-04 01:55:43.453194,v4.0
11371773,329.81129389140165,2026-01-04 01:55:43.457294,v4.0
1084828217755386005,196.05805225245908,2026-01-04 01:55:43.461048,v4.0
653258474247952642,180.58187748315981,2026-01-04 01:55:43.464788,v4.0
1210454298134395825,183.72721379925994,2026-01-04 01:55:43.469091,v4.0
565430340731534459,289.9790328053432,2026-01-04 01:55:43.472568,v4.0
29080678,262.4344969854762,2026-01-04 01:55:43.476063,v4.0
708784876021513580,208.2848484489699,2026-01-04 01:55:43.480231,v4.0
47977634,194.7649515846045,2026-01-04 01:55:43.484393,v4.0
1542743365902195247,257.0251417930252,2026-01-04 01:55:43.488102,v4.0
1177429576159372498,262.4097086635038,2026-01-04 01:55:43.491998,v4.0
25696,214.5923334999759,2026-01-04 01:55:43.495129,v4.0
783202,404.44348068130216,2026-01-04 01:55:43.498915,v4.0
5406041,278.6173557191134,2026-01-04 01:55:43.502893,v4.0
1325325489513574664,240.60290694465243,2026-01-04 01:55:43.506489,v4.0
1297822453324252559,193.7780687358056,2026-01-04 01:55:43.510361,v4.0
1210454298134395825,183.72721379925994,2026-01-04 01:55:43.513921,v4.0
1122580872375918944,248.38314778296382,2026-01-04 01:55:43.518543,v4.0
1438686431347188407,306.9612863310017,2026-01-04 01:55:43.522155,v4.0
1543571779317375865,260.9966444987073,2026-01-04 01:55:43.525961,v4.0
666022943667475224,244.80237577566294,2026-01-04 01:55:43.529948,v4.0
805101174500101207,246.9154441243668,2026-01-04 01:55:43.533568,v4.0
34487373,275.15707074756995,2026-01-04 01:55:43.537273,v4.0
1211608172160011490,284.86111262073166,2026-01-04 01:55:43.541035,v4.0
25619849,344.76739388314604,2026-01-04 01:55:43.544783,v4.0
1299222792779005171,327.11979136590713,2026-01-04 01:55:43.548211,v4.0
759618126064467893,170.33749905867464,2026-01-04 01:55:43.551553,v4.0
1104472941469620295,248.30148388871137,2026-01-04 01:55:43.555483,v4.0
1566996074462617006,184.8937824409219,2026-01-04 01:55:43.559257,v4.0
1176169782467978285,233.47426629309538,2026-01-04 01:55:43.563604,v4.0
1545780467549214924,239.90307121125662,2026-01-04 01:55:43.567611,v4.0
886856156430249385,378.3570164716713,2026-01-04 01:55:43.570815,v4.0
12171671,157.4440795009112,2026-01-04 01:55:43.574153,v4.0
1105496514661879085,217.71633321715524,2026-01-04 01:55:43.577264,v4.0
1450862435088144752,229.901075514161,2026-01-04 01:55:43.581061,v4.0
837213410815312557,298.2718223696177,2026-01-04 01:55:43.584696,v4.0
1108082653379426204,305.123338215163,2026-01-04 01:55:43.588197,v4.0
1069580354212412517,299.5812572962264,2026-01-04 01:55:43.591912,v4.0
1407336432341758567,162.31495759449373,2026-01-04 01:55:43.594986,v4.0
34487373,275.15707074756995,2026-01-04 01:55:43.598196,v4.0
1111609937553723816,298.97839886515925,2026-01-04 01:55:43.601367,v4.0
653258474247952642,180.58187748315981,2026-01-04 01:55:43.605153,v4.0
4152752,187.5414229663756,2026-01-04 01:55:43.608777,v4.0
658772827164292906,317.3983723286295,2026-01-04 01:55:43.611944,v4.0
2451647,273.5086914586906,2026-01-04 01:55:43.615879,v4.0
1101470215361697223,336.51503306142786,2026-01-04 01:55:43.619652,v4.0
1385444743317351076,170.5737853892353,2026-01-04 01:55:43.62329,v4.0
1407344736645729737,189.94645352921418,2026-01-04 01:55:43.626424,v4.0
1299222792779005171,327.11979136590713,2026-01-04 01:55:43.630584,v4.0
13902725,229.96951964356023,2026-01-04 01:55:43.633924,v4.0
1522452046002204358,350.5190734239046,2026-01-04 01:55:43.637074,v4.0
1125474619181498280,153.188748883988,2026-01-04 01:55:43.640842,v4.0
1093615036600977781,220.13950284723762,2026-01-04 01:55:43.643921,v4.0
1450862669308335601,213.9388944148412,2026-01-04 01:55:43.647143,v4.0
1092072336012573142,349.05311190422765,2026-01-04 01:55:43.651106,v4.0
23130144,224.43500643014346,2026-01-04 01:55:43.654118,v4.0
1070450891681156687,349.1226127292184,2026-01-04 01:55:43.657955,v4.0
1105403969448940593,181.34332599502756,2026-01-04 01:55:43.661712,v4.0
1041477525563744772,240.4734988403236,2026-01-04 01:55:43.665309,v4.0
19086522,194.81931505576557,2026-01-04 01:55:43.668396,v4.0
17157615,117.56078088993229,2026-01-04 01:55:43.672331,v4.0
1212893880121060294,217.90002248526335,2026-01-04 01:55:43.675998,v4.0
1544253294841494056,295.9149347934507,2026-01-04 01:55:43.679529,v4.0
1166118086665626216,171.43525620284788,2026-01-04 01:55:43.683313,v4.0
1491324701840057798,302.38027085770966,2026-01-04 01:55:43.686439,v4.0
1542742764891211372,280.13293469689006,2026-01-04 01:55:43.69034,v4.0
1313480536882565302,271.8734708876923,2026-01-04 01:55:43.693506,v4.0
16430087,233.7695489352755,2026-01-04 01:55:43.697278,v4.0
15783071,174.73431272511831,2026-01-04 01:55:43.701005,v4.0
1200011902007184561,211.52439759739366,2026-01-04 01:55:43.704813,v4.0
23438247,243.18396782887456,2026-01-04 01:55:43.70794,v4.0
838028693896424740,146.50351984101985,2026-01-04 01:55:43.711294,v4.0
1542743365902195247,257.0251417930252,2026-01-04 01:55:43.715315,v4.0
1209671786175519832,374.48856943222575,2026-01-04 01:55:43.718532,v4.0
759618126064467893,170.33749905867464,2026-01-04 01:55:43.72237,v4.0
1321939719785757760,238.6219798068589,2026-01-04 01:55:43.725436,v4.0
1161656470498296604,283.5854175553716,2026-01-04 01:55:43.728691,v4.0
1359627648745653844,199.782015966235,2026-01-04 01:55:43.732605,v4.0
624694699394680598,377.62341272847334,2026-01-04 01:55:43.736521,v4.0
1388789584336850981,224.19693133069563,2026-01-04 01:55:43.740362,v4.0
1017770932469502768,192.6843739348564,2026-01-04 01:55:43.74426,v4.0
1357403506923199510,289.1761901507226,2026-01-04 01:55:43.747879,v4.0
1553882589097838038,226.52207585477407,2026-01-04 01:55:43.751616,v4.0
52554380,219.8561055511105,2026-01-04 01:55:43.755449,v4.0
1281302979352188852,238.92357755474106,2026-01-04 01:55:43.759214,v4.0
16580,256.94296711865064,2026-01-04 01:55:43.762784,v4.0
1495255829787485284,290.5365262909985,2026-01-04 01:55:43.765873,v4.0
1166252537202042135,257.2955723981927,2026-01-04 01:55:43.769911,v4.0
1574314431236484074,215.72150308952683,2026-01-04 01:55:43.773698,v4.0
1521764765528124522,232.29999917187897,2026-01-04 01:55:43.776734,v4.0
1095018491084238599,300.51692833187184,2026-01-04 01:55:43.780277,v4.0
15789337,220.46472485100506,2026-01-04 01:55:43.784039,v4.0
54068618,217.5076938499793,2026-01-04 01:55:43.78712,v4.0
1027022256226682028,261.7923861375088,2026-01-04 01:55:43.790415,v4.0
1452459651028581483,329.67803942224117,2026-01-04 01:55:43.793609,v4.0
1281256554143476876,234.54353474284662,2026-01-04 01:55:43.797203,v4.0
51241506,257.6616623902444,2026-01-04 01:55:43.8005,v4.0
13788132,235.50709129037628,2026-01-04 01:55:43.803948,v4.0
704610101267844712,203.3144973512433,2026-01-04 01:55:43.807635,v4.0
1294224662469197490,189.06631004336742,2026-01-04 01:55:43.810852,v4.0
1197859177973871671,210.78792716243373,2026-01-04 01:55:43.814923,v4.0
1363031720625577626,151.97201153597044,2026-01-04 01:55:43.818514,v4.0
1413634501332174889,274.62717619426206,2026-01-04 01:55:43.822101,v4.0
41367371,219.67758630413127,2026-01-04 01:55:43.825654,v4.0
1361211388455895171,215.69817271397767,2026-01-04 01:55:43.829216,v4.0
45595993,182.1451293217727,2026-01-04 01:55:43.832434,v4.0
1368345301156208073,145.67158531423507,2026-01-04 01:55:43.835523,v4.0
22109870,176.24604078668938,2026-01-04 01:55:43.839519,v4.0
1054669444835087590,175.76556773366678,2026-01-04 01:55:43.843204,v4.0
1505829316340043118,260.88397489089573,2026-01-04 01:55:43.846387,v4.0
49946463,266.1865893205979,2026-01-04 01:55:43.849597,v4.0
1388617371798467387,308.93591697239543,2026-01-04 01:55:43.853132,v4.0
34705719,186.05740626854487,2026-01-04 01:55:43.857125,v4.0
1318261047321763717,319.406283028242,2026-01-04 01:55:43.860248,v4.0
1559772789206691937,231.42864563518378,2026-01-04 01:55:43.863592,v4.0
1342396891155481118,298.9404788294003,2026-01-04 01:55:43.866829,v4.0
1231323082370617486,316.9469864666674,2026-01-04 01:55:43.87046,v4.0
5298896,284.2372916329035,2026-01-04 01:55:43.874418,v4.0
842710704051634071,324.79245851844286,2026-01-04 01:55:43.877505,v4.0
995941212621416043,209.0055459270965,2026-01-04 01:55:43.881127,v4.0
43311037,169.92849514716443,2026-01-04 01:55:43.884658,v4.0
1542743359626510019,285.07756414049646,2026-01-04 01:55:43.887837,v4.0
31593457,205.81455602536948,2026-01-04 01:55:43.891118,v4.0
1567491374953791719,246.16958216335175,2026-01-04 01:55:43.894298,v4.0
53608551,252.23281455505622,2026-01-04 01:55:43.898435,v4.0
1464936280528850009,203.5586401896752,2026-01-04 01:55:43.901833,v4.0
23876385,326.08277640317345,2026-01-04 01:55:43.90595,v4.0
31960036,231.37405248084139,2026-01-04 01:55:43.909899,v4.0
1563919620588664126,172.72086781105384,2026-01-04 01:55:43.91397,v4.0
1310278530949544799,232.62807772498036,2026-01-04 01:55:43.917709,v4.0
1388763703373433611,360.92883038819934,2026-01-04 01:55:43.92165,v4.0
8704528,253.4397094975968,2026-01-04 01:55:43.925467,v4.0
52611526,325.3078796188102,2026-01-04 01:55:43.929127,v4.0
1111072720693755574,351.7720568647116,2026-01-04 01:55:43.932903,v4.0
751544681082578652,176.41423466167643,2026-01-04 01:55:43.936386,v4.0
764578441677175829,296.8687461760355,2026-01-04 01:55:43.940395,v4.0
1225546543633148394,204.88412257647434,2026-01-04 01:55:43.944208,v4.0
1388743231740997415,209.332174659133,2026-01-04 01:55:43.947831,v4.0
1092801249343488052,267.7319079475155,2026-01-04 01:55:43.951523,v4.0
972805172969056732,210.9227907160909,2026-01-04 01:55:43.955814,v4.0
1003437049851150279,261.6173944882246,2026-01-04 01:55:43.959602,v4.0
1375362734541224557,303.60597022603343,2026-01-04 01:55:43.963306,v4.0
1555804998521226300,249.96981951630585,2026-01-04 01:55:43.966665,v4.0
1011109092602276032,232.62322679319877,2026-01-04 01:55:43.970242,v4.0
1559061728129525304,191.10674979652686,2026-01-04 01:55:43.974244,v4.0
1348835641092354913,168.8451663245569,2026-01-04 01:55:43.977639,v4.0
1359703325354680777,201.3879874585886,2026-01-04 01:55:43.982158,v4.0
1177739205681115996,272.6552826677254,2026-01-04 01:55:43.986397,v4.0
19638293,232.975708474144,2026-01-04 01:55:43.990216,v4.0
1532754392237645472,292.44086550392814,2026-01-04 01:55:43.994208,v4.0
1008246140374586613,217.27908540089336,2026-01-04 01:55:43.998753,v4.0
710125502337453435,216.86603291464849,2026-01-04 01:55:44.002783,v4.0
1314654084272097211,238.0571568963387,2026-01-04 01:55:44.007346,v4.0
1161993018569444905,273.9448975607944,2026-01-04 01:55:44.011055,v4.0
1385758419382486826,239.70715732559725,2026-01-04 01:55:44.015015,v4.0
1348229197862173442,239.5004673422623,2026-01-04 01:55:44.019002,v4.0
697719311988590720,272.2999790554584,2026-01-04 01:55:44.023199,v4.0
1359614298478862830,165.68041009198978,2026-01-04 01:55:44.027217,v4.0
1393729124879349876,267.4607924622556,2026-01-04 01:55:44.031862,v4.0
1304825665869200675,162.7322594000221,2026-01-04 01:55:44.036248,v4.0
32857378,219.32569982814397,2026-01-04 01:55:44.040626,v4.0
53494300,228.841953518281,2026-01-04 01:55:44.044473,v4.0
1055102817407551734,207.56536857741008,2026-01-04 01:55:44.049095,v4.0
1115471563998250173,283.4045799704584,2026-01-04 01:55:44.053542,v4.0
16430248,363.9803915843495,2026-01-04 01:55:44.057721,v4.0
972740017700582747,216.42453634841692,2026-01-04 01:55:44.062416,v4.0
1283363453103778751,226.28791925584136,2026-01-04 01:55:44.06677,v4.0
1107531514397674564,321.22517053318825,2026-01-04 01:55:44.071079,v4.0
1310510466563097091,193.3448759156749,2026-01-04 01:55:44.075045,v4.0
42075992,220.72381870059627,2026-01-04 01:55:44.079241,v4.0
1480429953620865698,307.79093875563314,2026-01-04 01:55:44.083534,v4.0
1401730198664644951,187.3795911009321,2026-01-04 01:55:44.087711,v4.0
1388806211489388899,170.53275228296997,2026-01-04 01:55:44.092,v4.0
799731614530696207,233.77751708488273,2026-01-04 01:55:44.096589,v4.0
1241226565036164226,344.8484267225766,2026-01-04 01:55:44.101018,v4.0
1011072336902713153,172.36918678445429,2026-01-04 01:55:44.105653,v4.0
1304829733458297120,172.95664540072633,2026-01-04 01:55:44.109866,v4.0
1176169782467978285,233.47426629309538,2026-01-04 01:55:44.1147,v4.0
571799455601186486,253.1651323342804,2026-01-04 01:55:44.119124,v4.0
1488416489756723302,268.45776478082377,2026-01-04 01:55:44.12388,v4.0
1534393179376973102,352.83992598952983,2026-01-04 01:55:44.128531,v4.0
742567489503884321,220.8979392447586,2026-01-04 01:55:44.133189,v4.0
1364767247295535976,354.1986669748333,2026-01-04 01:55:44.137667,v4.0
24996332,234.81624764477078,2026-01-04 01:55:44.141565,v4.0
31301754,257.20733534757335,2026-01-04 01:55:44.146208,v4.0
1420567450295344151,319.35584908888416,2026-01-04 01:55:44.15067,v4.0
566115227830033854,273.3541191000077,2026-01-04 01:55:44.15506,v4.0
752124417745502491,311.9298139905662,2026-01-04 01:55:44.159385,v4.0
1282200771985627965,249.07450664709523,2026-01-04 01:55:44.163342,v4.0
1393730189600405443,195.38317858761303,2026-01-04 01:55:44.168109,v4.0
1393726230567032807,228.9509763798004,2026-01-04 01:55:44.172691,v4.0
790670113857035692,250.12795547220134,2026-01-04 01:55:44.177281,v4.0
43315277,225.67683678277956,2026-01-04 01:55:44.181898,v4.0
1284304094950879237,193.4434396883555,2026-01-04 01:55:44.186173,v4.0
8055778,244.73002513557822,2026-01-04 01:55:44.190573,v4.0
624652602355764943,295.61837684215305,2026-01-04 01:55:44.19498,v4.0
1485619082770718395,296.7854656982191,2026-01-04 01:55:44.199947,v4.0
697270803429988997,220.93328758152524,2026-01-04 01:55:44.204192,v4.0
1048926333274693328,293.4411985142706,2026-01-04 01:55:44.208873,v4.0
1044596274887028908,239.00384923962827,2026-01-04 01:55:44.213031,v4.0
1064523931238623062,282.08970792911293,2026-01-04 01:55:44.216978,v4.0
1210454298134395825,183.72721379925994,2026-01-04 01:55:44.221255,v4.0
1490455717837721919,325.98207863913603,2026-01-04 01:55:44.225077,v4.0
1502499830496127121,256.01760413623606,2026-01-04 01:55:44.229234,v4.0
1547408134803705056,233.66239973688064,2026-01-04 01:55:44.232847,v4.0
49951454,165.3022517233327,2026-01-04 01:55:44.236604,v4.0
1572553352203351867,239.36452064525906,2026-01-04 01:55:44.240452,v4.0
995688738270644813,229.91947100716794,2026-01-04 01:55:44.244797,v4.0
7837816,223.68204724135035,2026-01-04 01:55:44.249357,v4.0
52921783,258.0793922417467,2026-01-04 01:55:44.25361,v4.0
744307258225953765,146.78486348408822,2026-01-04 01:55:44.257472,v4.0
1157986393909875539,226.25713678553495,2026-01-04 01:55:44.261125,v4.0
20999025,211.68704149719545,2026-01-04 01:55:44.265152,v4.0
804194,259.7903322734653,2026-01-04 01:55:44.269147,v4.0
1033583755732958806,311.8632257552175,2026-01-04 01:55:44.273775,v4.0
1523479926217161224,179.76405524880875,2026-01-04 01:55:44.277588,v4.0
670291854273683571,244.45385831845186,2026-01-04 01:55:44.281905,v4.0
1359616129688632070,339.22797935947415,2026-01-04 01:55:44.285758,v4.0
1317757101543582726,243.11351871961958,2026-01-04 01:55:44.28957,v4.0
29080678,262.4344969854762,2026-01-04 01:55:44.295091,v4.0
8054651,277.02143909162334,2026-01-04 01:55:44.298925,v4.0
1259487361981120964,226.5491956677785,2026-01-04 01:55:44.303259,v4.0
1372134243040544597,262.27964192997223,2026-01-04 01:55:44.309543,v4.0
805101174500101207,246.9154441243668,2026-01-04 01:55:44.314606,v4.0
1507953779135782582,234.96766573196956,2026-01-04 01:55:44.319374,v4.0
1233441768530587664,251.91805510912326,2026-01-04 01:55:44.324586,v4.0
701279449329328106,225.3795633515296,2026-01-04 01:55:44.329318,v4.0
723861207309008728,367.98294682967594,2026-01-04 01:55:44.334197,v4.0
948447338778308419,310.1223453596259,2026-01-04 01:55:44.338571,v4.0
15067291,226.785272203686,2026-01-04 01:55:44.342846,v4.0
43310986,159.09038670477207,2026-01-04 01:55:44.347112,v4.0
43315235,159.7504773348008,2026-01-04 01:55:44.35182,v4.0
565430340731534459,289.9790328053432,2026-01-04 01:55:44.356519,v4.0
1438561016220045910,233.6471469578153,2026-01-04 01:55:44.361479,v4.0
1515306329510570844,263.97009280368746,2026-01-04 01:55:44.366022,v4.0
1438686431347188407,306.9612863310017,2026-01-04 01:55:44.370202,v4.0
1122580872375918944,248.38314778296382,2026-01-04 01:55:44.375415,v4.0
1058176388807807449,256.6374187398951,2026-01-04 01:55:44.379614,v4.0
834008038484975991,289.7004505944563,2026-01-04 01:55:44.383947,v4.0
578809933220558581,317.6241984621972,2026-01-04 01:55:44.388544,v4.0
54104214,314.63663249069543,2026-01-04 01:55:44.392822,v4.0
1157321297978459399,284.76541205052786,2026-01-04 01:55:44.39686,v4.0
1136297072647779971,384.37343117564535,2026-01-04 01:55:44.401244,v4.0
3527764,208.7559109732489,2026-01-04 01:55:44.405643,v4.0
50287920,222.69280064522218,2026-01-04 01:55:44.410081,v4.0
779523808307111363,250.09411376728426,2026-01-04 01:55:44.41423,v4.0
959996744286793730,311.56826428344704,2026-01-04 01:55:44.418639,v4.0
1380653801422991291,219.90954461550996,2026-01-04 01:55:44.422975,v4.0
1545780467549214924,239.90307121125662,2026-01-04 01:55:44.428179,v4.0
1367825926274001910,234.21820880919086,2026-01-04 01:55:44.432691,v4.0
1102123641767898783,249.03858187669337,2026-01-04 01:55:44.436986,v4.0
1110578563834555617,321.19374970676336,2026-01-04 01:55:44.442128,v4.0
53386606,238.4335245098014,2026-01-04 01:55:44.445864,v4.0
859771139425703476,270.84272797646366,2026-01-04 01:55:44.449989,v4.0
1105531878875307358,181.91200721293075,2026-01-04 01:55:44.453879,v4.0
1305094445506176270,357.01196586304843,2026-01-04 01:55:44.458508,v4.0
21293326,355.9957552847343,2026-01-04 01:55:44.463369,v4.0
1197284752024889416,343.96745331252464,2026-01-04 01:55:44.46813,v4.0
49388478,275.23271305222676,2026-01-04 01:55:44.472738,v4.0
53132475,317.931902023434,2026-01-04 01:55:44.477447,v4.0
1177359119693006427,274.3695442429294,2026-01-04 01:55:44.48197,v4.0
1305095293816213388,296.0423103695538,2026-01-04 01:55:44.48643,v4.0
1445745174936428035,310.2907771280651,2026-01-04 01:55:44.489743,v4.0
1453736138798207455,279.5358225161241,2026-01-04 01:55:44.493767,v4.0
19710742,282.89355282172284,2026-01-04 01:55:44.497944,v4.0
6146783,292.7465363257519,2026-01-04 01:55:44.502178,v4.0
1305096322826956646,308.9273340500526,2026-01-04 01:55:44.50582,v4.0
25619849,344.76739388314604,2026-01-04 01:55:44.510004,v4.0
812525039857019552,423.1151083610347,2026-01-04 01:55:44.513414,v4.0
1376110634846093635,256.8036645831754,2026-01-04 01:55:44.51743,v4.0
6977204,231.72781601773417,2026-01-04 01:55:44.52088,v4.0
33070946,197.61991778207806,2026-01-04 01:55:44.525051,v4.0
708808138924351782,177.7605853136784,2026-01-04 01:55:44.528277,v4.0
19194956,153.14780370667134,2026-01-04 01:55:44.531808,v4.0
1092280833430415586,290.0075452187369,2026-01-04 01:55:44.535991,v4.0
52062263,287.0709519802235,2026-01-04 01:55:44.53994,v4.0
31513692,162.92906224320234,2026-01-04 01:55:44.543746,v4.0
783202,404.44348068130216,2026-01-04 01:55:44.54733,v4.0
47906957,242.97314548104956,2026-01-04 01:55:44.551313,v4.0
47050312,336.61102753934233,2026-01-04 01:55:44.554989,v4.0
1411811,334.9150777862766,2026-01-04 01:55:44.558918,v4.0
1529862229950417023,202.95793233269924,2026-01-04 01:55:44.562088,v4.0
985546024029098998,248.80596032090816,2026-01-04 01:55:44.566544,v4.0
1177504045631878580,272.9167546217439,2026-01-04 01:55:44.569839,v4.0
717229074505076254,210.94488498929977,2026-01-04 01:55:44.573997,v4.0
1115377466525054553,365.2857748079467,2026-01-04 01:55:44.577199,v4.0
1207148805164324844,219.10646460157264,2026-01-04 01:55:44.580854,v4.0
53707410,263.7015166414599,2026-01-04 01:55:44.584701,v4.0
8055508,284.4839616260276,2026-01-04 01:55:44.587979,v4.0
5406041,278.6173557191134,2026-01-04 01:55:44.591933,v4.0
8152916,312.84792814022535,2026-01-04 01:55:44.595111,v4.0
41840320,192.0356297487311,2026-01-04 01:55:44.598363,v4.0
1224079069637556316,292.4127757674307,2026-01-04 01:55:44.601774,v4.0
1393719303728971026,189.79363713548577,2026-01-04 01:55:44.605893,v4.0
1400915819330060194,207.952639576979,2026-01-04 01:55:44.609757,v4.0
1233741840559332037,170.46727969109918,2026-01-04 01:55:44.613122,v4.0
1183128782076109374,253.975791563455,2026-01-04 01:55:44.616545,v4.0
31667621,324.14948214788393,2026-01-04 01:55:44.619879,v4.0
836118007460273820,504.07568776177357,2026-01-04 01:55:44.624169,v4.0
1097895081984963736,227.4158845759794,2026-01-04 01:55:44.627334,v4.0
1310499918606528369,197.2941602074493,2026-01-04 01:55:44.63127,v4.0
1449333582048837621,301.375423122823,2026-01-04 01:55:44.635102,v4.0
1445754863489244460,348.3033753558394,2026-01-04 01:55:44.638283,v4.0
30715051,220.4488158759982,2026-01-04 01:55:44.641532,v4.0
992758163619203613,326.64993326113915,2026-01-04 01:55:44.645924,v4.0
25696,214.5923334999759,2026-01-04 01:55:44.649261,v4.0
15115382,203.03062818133267,2026-01-04 01:55:44.653177,v4.0
946746350267352525,165.01894544568125,2026-01-04 01:55:44.656946,v4.0
5309959,202.51843651624586,2026-01-04 01:55:44.661022,v4.0
20014072,206.27104543152873,2026-01-04 01:55:44.664297,v4.0
35254823,215.40373587557207,2026-01-04 01:55:44.668124,v4.0
839363985423930842,310.19861894562484,2026-01-04 01:55:44.671483,v4.0
827423328399331714,327.0234476841204,2026-01-04 01:55:44.67478,v4.0
4968633,296.1986330218083,2026-01-04 01:55:44.678119,v4.0
51945222,373.7036357743203,2026-01-04 01:55:44.682396,v4.0
1083605109713339980,198.49883805957188,2026-01-04 01:55:44.686249,v4.0
50032602,260.8735154183023,2026-01-04 01:55:44.689693,v4.0
924600,294.91294470835027,2026-01-04 01:55:44.693788,v4.0
1162392324462030686,276.8211996016572,2026-01-04 01:55:44.697453,v4.0
1551346502888454090,350.470418654746,2026-01-04 01:55:44.700965,v4.0
1084828217755386005,196.05805225245908,2026-01-04 01:55:44.704807,v4.0
1566996074462617006,184.8937824409219,2026-01-04 01:55:44.708954,v4.0
733422980036577408,247.32208199572182,2026-01-04 01:55:44.712068,v4.0
897191045434321961,190.9704079085974,2026-01-04 01:55:44.715969,v4.0
1020325080427729176,291.99041089503544,2026-01-04 01:55:44.719056,v4.0
50888320,271.19691126952563,2026-01-04 01:55:44.722825,v4.0
1518427333465583788,210.8584076897436,2026-01-04 01:55:44.726489,v4.0
9996642,208.99336589410953,2026-01-04 01:55:44.730081,v4.0
52128553,301.1695062816658,2026-01-04 01:55:44.733606,v4.0
617499038697675576,278.0096364639939,2026-01-04 01:55:44.736869,v4.0
11371773,329.81129389140165,2026-01-04 01:55:44.740586,v4.0
1213312688643568568,310.4091744359372,2026-01-04 01:55:44.743585,v4.0
666022943667475224,244.80237577566294,2026-01-04 01:55:44.747527,v4.0
52417197,282.02535076973464,2026-01-04 01:55:44.751192,v4.0
54508,172.867092747016,2026-01-04 01:55:44.754715,v4.0
1170446381119755665,232.97247251915311,2026-01-04 01:55:44.757946,v4.0
1297822453324252559,193.7780687358056,2026-01-04 01:55:44.761207,v4.0
3554230,179.59236870159202,2026-01-04 01:55:44.764944,v4.0
14918238,197.24506229732316,2026-01-04 01:55:44.768349,v4.0
2686412,255.940107156505,2026-01-04 01:55:44.772306,v4.0
955842473362618091,220.4724479949706,2026-01-04 01:55:44.775909,v4.0
1645667,257.53489276185684,2026-01-04 01:55:44.779408,v4.0
15381675,190.62546841730105,2026-01-04 01:55:44.782596,v4.0
13724284,278.96109793966025,2026-01-04 01:55:44.785895,v4.0
37549695,291.66685853084266,2026-01-04 01:55:44.789188,v4.0
43132765,303.02995948850787,2026-01-04 01:55:44.792396,v4.0
31474638,234.42272684822098,2026-01-04 01:55:44.796309,v4.0
1177419977162681836,218.13467853248403,2026-01-04 01:55:44.799864,v4.0
667532032936314042,280.34591286817755,2026-01-04 01:55:44.803568,v4.0
1104472941469620295,248.30148388871137,2026-01-04 01:55:44.807105,v4.0
1384207415200635749,266.85886200279975,2026-01-04 01:55:44.810874,v4.0
626767327976025919,342.94864893505996,2026-01-04 01:55:44.814544,v4.0
850720093399986020,342.5233599169261,2026-01-04 01:55:44.818323,v4.0
232612,315.7856248721595,2026-01-04 01:55:44.822238,v4.0
23040115,266.1357143133714,2026-01-04 01:55:44.826143,v4.0
1918693,282.8808817541958,2026-01-04 01:55:44.829828,v4.0
1238724380621296610,369.61676368755184,2026-01-04 01:55:44.833166,v4.0
965836734967050413,129.73151291304535,2026-01-04 01:55:44.836467,v4.0
1356862958825673292,204.794249713108,2026-01-04 01:55:44.840569,v4.0
1170462643049849090,248.35897028793025,2026-01-04 01:55:44.843814,v4.0
965995992034672989,334.7696112173816,2026-01-04 01:55:44.848009,v4.0
47977634,194.7649515846045,2026-01-04 01:55:44.851884,v4.0
1551891234387394807,196.6856351221614,2026-01-04 01:55:44.855271,v4.0
1467382321760838215,263.7070375255831,2026-01-04 01:55:44.858581,v4.0
53050999,342.53852749599776,2026-01-04 01:55:44.862175,v4.0
575296507654359448,168.84315400668368,2026-01-04 01:55:44.865969,v4.0
1517085784775464796,336.7797089769476,2026-01-04 01:55:44.869692,v4.0
1362319937122804648,298.7604745456085,2026-01-04 01:55:44.872983,v4.0
14421383,345.60717721031676,2026-01-04 01:55:44.877041,v4.0
825394549344382800,179.20581527551684,2026-01-04 01:55:44.880222,v4.0
1238744170136593900,275.88508240972646,2026-01-04 01:55:44.883553,v4.0
1554390926018437557,245.52403535375527,2026-01-04 01:55:44.886903,v4.0
965972728839907811,368.61693450834355,2026-01-04 01:55:44.890811,v4.0
1551882790551643706,201.10600994863248,2026-01-04 01:55:44.894087,v4.0
50654386,210.83991579683084,2026-01-04 01:55:44.898028,v4.0
1529848797926738046,209.05691641676586,2026-01-04 01:55:44.9022,v4.0
1021965378817390715,289.8102014773542,2026-01-04 01:55:44.90538,v4.0
53628816,204.05168393068362,2026-01-04 01:55:44.909494,v4.0
52405277,178.12780819911836,2026-01-04 01:55:44.913253,v4.0
51383927,290.8357107144603,2026-01-04 01:55:44.916932,v4.0
18022636,266.32735238336386,2026-01-04 01:55:44.920608,v4.0
1453924232294688678,243.16979166262547,2026-01-04 01:55:44.924271,v4.0
1177429576159372498,262.4097086635038,2026-01-04 01:55:44.92741,v4.0
8055721,304.99402562524887,2026-01-04 01:55:44.931241,v4.0
1127656056268893557,211.51214079049151,2026-01-04 01:55:44.934965,v4.0
1211608172160011490,284.86111262073166,2026-01-04 01:55:44.938595,v4.0
41301073,326.25657678565074,2026-01-04 01:55:44.942175,v4.0
8055582,296.2374799036787,2026-01-04 01:55:44.945726,v4.0
52846109,187.68824923330016,2026-01-04 01:55:44.948946,v4.0
1170451381770726306,268.09884891168446,2026-01-04 01:55:44.952322,v4.0
52846818,161.3143657929225,2026-01-04 01:55:44.956691,v4.0
971014919312107685,312.760037203827,2026-01-04 01:55:44.960114,v4.0
982809251824941366,190.04813174190264,2026-01-04 01:55:44.963903,v4.0
5846745,351.95149905686884,2026-01-04 01:55:44.967617,v4.0
41295524,299.0694029187315,2026-01-04 01:55:44.970524,v4.0
2267177,165.73554060060343,2026-01-04 01:55:44.974826,v4.0
1522544549385215305,148.93624121596287,2026-01-04 01:55:44.978811,v4.0
883955753472122104,239.63489359616653,2026-01-04 01:55:44.982618,v4.0
41504521,205.9507436557328,2026-01-04 01:55:44.986369,v4.0
6237443,228.07990143239982,2026-01-04 01:55:44.990116,v4.0
1170449637391846183,255.47059405516822,2026-01-04 01:55:44.993981,v4.0
1177449988217037376,301.6589898597031,2026-01-04 01:55:44.997717,v4.0
52845168,191.57574443128658,2026-01-04 01:55:45.001468,v4.0
4760085,280.47364254755416,2026-01-04 01:55:45.005064,v4.0
34231172,283.07238355105886,2026-01-04 01:55:45.008859,v4.0
1167995766552835416,296.4637292484597,2026-01-04 01:55:45.011979,v4.0
1020302460310493937,290.40025974816774,2026-01-04 01:55:45.01593,v4.0
754970276793406798,311.68070685841354,2026-01-04 01:55:45.019724,v4.0
1090553830200685087,140.36358054790648,2026-01-04 01:55:45.023469,v4.0
765327602416869056,244.57840846165857,2026-01-04 01:55:45.027239,v4.0
41647808,162.59968637765235,2026-01-04 01:55:45.031032,v4.0
13674799,305.27762792851007,2026-01-04 01:55:45.034726,v4.0
29628,195.19488812838642,2026-01-04 01:55:45.038029,v4.0
1170453307286952641,220.4821754023946,2026-01-04 01:55:45.04185,v4.0
1173233962500563626,256.2114920790753,2026-01-04 01:55:45.044869,v4.0
1072604583533985335,279.463048363908,2026-01-04 01:55:45.048631,v4.0
20960203,218.67906413555306,2026-01-04 01:55:45.051872,v4.0
765229505754817003,248.67001318263945,2026-01-04 01:55:45.055715,v4.0
1415895074079900073,215.4057722717619,2026-01-04 01:55:45.058846,v4.0
26741585,187.04737474100784,2026-01-04 01:55:45.062675,v4.0
28834703,316.71618176752776,2026-01-04 01:55:45.065748,v4.0
982130899713091667,323.9561778565828,2026-01-04 01:55:45.069704,v4.0
711820084444046096,190.53444725392694,2026-01-04 01:55:45.073586,v4.0
1104349873802426432,251.89099926622208,2026-01-04 01:55:45.076686,v4.0
15581948,294.0809578163934,2026-01-04 01:55:45.080603,v4.0
22452278,352.65641308220904,2026-01-04 01:55:45.083714,v4.0
1177473168936527770,285.37959499639595,2026-01-04 01:55:45.086946,v4.0
1170455226677183433,255.94211740398796,2026-01-04 01:55:45.090768,v4.0
1542948237108317881,297.96323429542855,2026-01-04 01:55:45.093908,v4.0
940279919668139029,157.80357692668292,2026-01-04 01:55:45.097683,v4.0
1226899584080273038,276.1844584454584,2026-01-04 01:55:45.101324,v4.0
660082095537116529,271.00179248454714,2026-01-04 01:55:45.1045,v4.0
1131458412663503638,228.51422354790498,2026-01-04 01:55:45.108292,v4.0
1210054863016150123,319.3879857617476,2026-01-04 01:55:45.111995,v4.0
51920836,170.03956570383124,2026-01-04 01:55:45.11566,v4.0
987157188477759486,382.17454124466053,2026-01-04 01:55:45.119497,v4.0
52618396,259.24983326198424,2026-01-04 01:55:45.123288,v4.0
10386341,270.5102959152688,2026-01-04 01:55:45.12638,v4.0
15038469,193.2451934972742,2026-01-04 01:55:45.129538,v4.0
1177345913286082983,253.53480419434666,2026-01-04 01:55:45.13273,v4.0
1177486926345069371,226.70311593407592,2026-01-04 01:55:45.135891,v4.0
1177479778077102447,222.04881520317508,2026-01-04 01:55:45.139773,v4.0
1059399783161257709,281.1446397874593,2026-01-04 01:55:45.143128,v4.0
47026093,233.11684604581853,2026-01-04 01:55:45.146804,v4.0
988565130972118914,235.78149523450432,2026-01-04 01:55:45.150474,v4.0
982172393543000727,337.21489343970234,2026-01-04 01:55:45.153472,v4.0
16004776,316.4300025770805,2026-01-04 01:55:45.156764,v4.0
42486136,212.25733043687148,2026-01-04 01:55:45.160179,v4.0
8281045,256.43909711021774,2026-01-04 01:55:45.163351,v4.0
966015814531483475,332.65375845188225,2026-01-04 01:55:45.167269,v4.0
50288808,275.1465605170116,2026-01-04 01:55:45.170346,v4.0
20651581,228.4521544989772,2026-01-04 01:55:45.173748,v4.0
1177478027022642683,234.2509166819973,2026-01-04 01:55:45.176993,v4.0
1173168273112763284,299.691368914122,2026-01-04 01:55:45.180073,v4.0
1177505327183162711,287.5559469740028,2026-01-04 01:55:45.183914,v4.0
696558738505882577,208.34341445548318,2026-01-04 01:55:45.18749,v4.0
654499264267120637,212.32400925725676,2026-01-04 01:55:45.191153,v4.0
1287828599090091641,212.1604953495602,2026-01-04 01:55:45.19428,v4.0
28667823,276.6986610338523,2026-01-04 01:55:45.197996,v4.0
15522627,337.5151755829273,2026-01-04 01:55:45.201607,v4.0
22088301,313.09452034928086,2026-01-04 01:55:45.205341,v4.0
669305594749936462,265.10628197573607,2026-01-04 01:55:45.209166,v4.0
1149533863702762999,265.6218286070069,2026-01-04 01:55:45.212573,v4.0
1177495468022051968,204.00318371641316,2026-01-04 01:55:45.216336,v4.0
1173239609371845295,261.43744809566414,2026-01-04 01:55:45.219981,v4.0
1177476704781804039,248.67701571699246,2026-01-04 01:55:45.223745,v4.0
21804600,195.92679327216513,2026-01-04 01:55:45.226867,v4.0
745881711855691249,268.88234455428443,2026-01-04 01:55:45.230599,v4.0
723290057134167937,217.6447594239603,2026-01-04 01:55:45.233722,v4.0
1250415588517175726,222.44259523664718,2026-01-04 01:55:45.237473,v4.0
1490830536258207250,224.82529290514222,2026-01-04 01:55:45.240572,v4.0
737536232375970112,175.96342663779893,2026-01-04 01:55:45.244547,v4.0
37082885,295.41523193446244,2026-01-04 01:55:45.248155,v4.0
1052767826783426157,282.2026544806196,2026-01-04 01:55:45.251217,v4.0
1153108393676400179,334.07452892946924,2026-01-04 01:55:45.255519,v4.0
658872910949576878,154.62481667037116,2026-01-04 01:55:45.258938,v4.0
1350130887670690892,310.4600118918151,2026-01-04 01:55:45.262714,v4.0
1177454816617609897,200.75835707494178,2026-01-04 01:55:45.266419,v4.0
1177461605461458079,310.9488337672759,2026-01-04 01:55:45.269706,v4.0
1177327595254297656,275.36100201144995,2026-01-04 01:55:45.273512,v4.0
12171671,157.4440795009112,2026-01-04 01:55:45.276471,v4.0
1407336432341758567,162.31495759449373,2026-01-04 01:55:45.583551,v4.0
1070450891681156687,349.1226127292184,2026-01-04 01:55:45.587274,v4.0
1407344736645729737,189.94645352921418,2026-01-04 01:55:45.591513,v4.0
2451647,273.5086914586906,2026-01-04 01:55:45.595318,v4.0
1450862435088144752,229.901075514161,2026-01-04 01:55:45.599536,v4.0
1522452046002204358,350.5190734239046,2026-01-04 01:55:45.603699,v4.0
43311037,169.92849514716443,2026-01-04 01:55:45.607095,v4.0
17157615,117.56078088993229,2026-01-04 01:55:45.610556,v4.0
1108082653379426204,305.123338215163,2026-01-04 01:55:45.615082,v4.0
837213410815312557,298.2718223696177,2026-01-04 01:55:45.618561,v4.0
45595993,182.1451293217727,2026-01-04 01:55:45.622682,v4.0
1212893880121060294,217.90002248526335,2026-01-04 01:55:45.627146,v4.0
23130144,224.43500643014346,2026-01-04 01:55:45.631525,v4.0
49946463,266.1865893205979,2026-01-04 01:55:45.635173,v4.0
1102123641767898783,249.03858187669337,2026-01-04 01:55:45.638975,v4.0
658772827164292906,317.3983723286295,2026-01-04 01:55:45.64328,v4.0
1041477525563744772,240.4734988403236,2026-01-04 01:55:45.647338,v4.0
764578441677175829,296.8687461760355,2026-01-04 01:55:45.651812,v4.0
34705719,186.05740626854487,2026-01-04 01:55:45.655802,v4.0
1166118086665626216,171.43525620284788,2026-01-04 01:55:45.660259,v4.0
1093615036600977781,220.13950284723762,2026-01-04 01:55:45.664593,v4.0
1450862669308335601,213.9388944148412,2026-01-04 01:55:45.669361,v4.0
1488416489756723302,268.45776478082377,2026-01-04 01:55:45.673904,v4.0
53386606,238.4335245098014,2026-01-04 01:55:45.678008,v4.0
886856156430249385,378.3570164716713,2026-01-04 01:55:45.682605,v4.0
16580,256.94296711865064,2026-01-04 01:55:45.686728,v4.0
1003437049851150279,261.6173944882246,2026-01-04 01:55:45.691173,v4.0
54068618,217.5076938499793,2026-01-04 01:55:45.694943,v4.0
1105531878875307358,181.91200721293075,2026-01-04 01:55:45.698994,v4.0
13902725,229.96951964356023,2026-01-04 01:55:45.702668,v4.0
1105496514661879085,217.71633321715524,2026-01-04 01:55:45.706446,v4.0
859771139425703476,270.84272797646366,2026-01-04 01:55:45.710371,v4.0
1069580354212412517,299.5812572962264,2026-01-04 01:55:45.714547,v4.0
838028693896424740,146.50351984101985,2026-01-04 01:55:45.718494,v4.0
19086522,194.81931505576557,2026-01-04 01:55:45.722581,v4.0
624694699394680598,377.62341272847334,2026-01-04 01:55:45.726589,v4.0
1532754392237645472,292.44086550392814,2026-01-04 01:55:45.730617,v4.0
23438247,243.18396782887456,2026-01-04 01:55:45.734626,v4.0
52554380,219.8561055511105,2026-01-04 01:55:45.738484,v4.0
1385444743317351076,170.5737853892353,2026-01-04 01:55:45.742599,v4.0
1567491374953791719,246.16958216335175,2026-01-04 01:55:45.746427,v4.0
1200011902007184561,211.52439759739366,2026-01-04 01:55:45.750599,v4.0
13788132,235.50709129037628,2026-01-04 01:55:45.754211,v4.0
47906957,242.97314548104956,2026-01-04 01:55:45.758358,v4.0
6146783,292.7465363257519,2026-01-04 01:55:45.762079,v4.0
995941212621416043,209.0055459270965,2026-01-04 01:55:45.766428,v4.0
751544681082578652,176.41423466167643,2026-01-04 01:55:45.770168,v4.0
15115382,203.03062818133267,2026-01-04 01:55:45.77394,v4.0
1177359119693006427,274.3695442429294,2026-01-04 01:55:45.777942,v4.0
697719311988590720,272.2999790554584,2026-01-04 01:55:45.781478,v4.0
49951454,165.3022517233327,2026-01-04 01:55:45.78573,v4.0
32857378,219.32569982814397,2026-01-04 01:55:45.789092,v4.0
52611526,325.3078796188102,2026-01-04 01:55:45.793011,v4.0
670291854273683571,244.45385831845186,2026-01-04 01:55:45.796791,v4.0
50032602,260.8735154183023,2026-01-04 01:55:45.800513,v4.0
1566996074462617006,184.8937824409219,2026-01-04 01:55:45.80428,v4.0
733422980036577408,247.32208199572182,2026-01-04 01:55:45.808249,v4.0
897191045434321961,190.9704079085974,2026-01-04 01:55:45.812012,v4.0
41367371,219.67758630413127,2026-01-04 01:55:45.81556,v4.0
7837816,223.68204724135035,2026-01-04 01:55:45.819444,v4.0
701279449329328106,225.3795633515296,2026-01-04 01:55:45.822674,v4.0
53494300,228.841953518281,2026-01-04 01:55:45.826111,v4.0
1518427333465583788,210.8584076897436,2026-01-04 01:55:45.829459,v4.0
1213312688643568568,310.4091744359372,2026-01-04 01:55:45.833625,v4.0
827423328399331714,327.0234476841204,2026-01-04 01:55:45.837087,v4.0
20999025,211.68704149719545,2026-01-04 01:55:45.840929,v4.0
1157321297978459399,284.76541205052786,2026-01-04 01:55:45.844567,v4.0
1020325080427729176,291.99041089503544,2026-01-04 01:55:45.848621,v4.0
52128553,301.1695062816658,2026-01-04 01:55:45.852066,v4.0
1177500655441331249,238.386565387403,2026-01-04 01:55:45.85547,v4.0
52417197,282.02535076973464,2026-01-04 01:55:45.859561,v4.0
54508,172.867092747016,2026-01-04 01:55:45.863446,v4.0
9996642,208.99336589410953,2026-01-04 01:55:45.86684,v4.0
52921783,258.0793922417467,2026-01-04 01:55:45.870827,v4.0
1044596274887028908,239.00384923962827,2026-01-04 01:55:45.874878,v4.0
31301754,257.20733534757335,2026-01-04 01:55:45.878347,v4.0
1162392324462030686,276.8211996016572,2026-01-04 01:55:45.882419,v4.0
50888320,271.19691126952563,2026-01-04 01:55:45.88621,v4.0
617499038697675576,278.0096364639939,2026-01-04 01:55:45.889321,v4.0
8704528,253.4397094975968,2026-01-04 01:55:45.893116,v4.0
11371773,329.81129389140165,2026-01-04 01:55:45.896907,v4.0
14918238,197.24506229732316,2026-01-04 01:55:45.900821,v4.0
47977634,194.7649515846045,2026-01-04 01:55:45.904161,v4.0
666022943667475224,244.80237577566294,2026-01-04 01:55:45.908393,v4.0
33070946,197.61991778207806,2026-01-04 01:55:45.911696,v4.0
645056913089000891,170.50625137653856,2026-01-04 01:55:45.915698,v4.0
19710742,282.89355282172284,2026-01-04 01:55:45.919922,v4.0
1384207415200635749,266.85886200279975,2026-01-04 01:55:45.924345,v4.0
50287920,222.69280064522218,2026-01-04 01:55:45.927876,v4.0
50288808,275.1465605170116,2026-01-04 01:55:45.931859,v4.0
804194,259.7903322734653,2026-01-04 01:55:45.935642,v4.0
1157986393909875539,226.25713678553495,2026-01-04 01:55:45.939356,v4.0
28667823,276.6986610338523,2026-01-04 01:55:45.943107,v4.0
50654386,210.83991579683084,2026-01-04 01:55:45.946698,v4.0
1572553352203351867,239.36452064525906,2026-01-04 01:55:45.950625,v4.0
22088301,313.09452034928086,2026-01-04 01:55:45.954026,v4.0
972805172969056732,210.9227907160909,2026-01-04 01:55:45.958204,v4.0
1127656056268893557,211.51214079049151,2026-01-04 01:55:45.962209,v4.0
1464936280528850009,203.5586401896752,2026-01-04 01:55:45.966198,v4.0
22109870,176.24604078668938,2026-01-04 01:55:45.969881,v4.0
1490830536258207250,224.82529290514222,2026-01-04 01:55:45.973736,v4.0
5309959,202.51843651624586,2026-01-04 01:55:45.977491,v4.0
1197859177973871671,210.78792716243373,2026-01-04 01:55:45.980863,v4.0
24996332,234.81624764477078,2026-01-04 01:55:45.984532,v4.0
3527764,208.7559109732489,2026-01-04 01:55:45.988296,v4.0
744307258225953765,146.78486348408822,2026-01-04 01:55:45.992387,v4.0
1008246140374586613,217.27908540089336,2026-01-04 01:55:45.996123,v4.0
742567489503884321,220.8979392447586,2026-01-04 01:55:46.000082,v4.0
1545780467549214924,239.90307121125662,2026-01-04 01:55:46.003641,v4.0
972740017700582747,216.42453634841692,2026-01-04 01:55:46.007754,v4.0
1380653801422991291,219.90954461550996,2026-01-04 01:55:46.011546,v4.0
1211608172160011490,284.86111262073166,2026-01-04 01:55:46.015809,v4.0
1115471563998250173,283.4045799704584,2026-01-04 01:55:46.019365,v4.0
759618126064467893,170.33749905867464,2026-01-04 01:55:46.023635,v4.0
1083605109713339980,198.49883805957188,2026-01-04 01:55:46.027764,v4.0
1438686431347188407,306.9612863310017,2026-01-04 01:55:46.031732,v4.0
12171671,157.4440795009112,2026-01-04 01:55:46.035793,v4.0
1070450891681156687,349.1226127292184,2026-01-04 01:55:46.040684,v4.0
43311037,169.92849514716443,2026-01-04 01:55:46.044159,v4.0
2451647,273.5086914586906,2026-01-04 01:55:46.048099,v4.0
1407344736645729737,189.94645352921418,2026-01-04 01:55:46.051482,v4.0
1450862435088144752,229.901075514161,2026-01-04 01:55:46.055392,v4.0
1522452046002204358,350.5190734239046,2026-01-04 01:55:46.059278,v4.0
45595993,182.1451293217727,2026-01-04 01:55:46.062625,v4.0
17157615,117.56078088993229,2026-01-04 01:55:46.066708,v4.0
49946463,266.1865893205979,2026-01-04 01:55:46.070574,v4.0
1108082653379426204,305.123338215163,2026-01-04 01:55:46.074763,v4.0
837213410815312557,298.2718223696177,2026-01-04 01:55:46.078443,v4.0
1488416489756723302,268.45776478082377,2026-01-04 01:55:46.082191,v4.0
1041477525563744772,240.4734988403236,2026-01-04 01:55:46.085672,v4.0
23438247,243.18396782887456,2026-01-04 01:55:46.08905,v4.0
23130144,224.43500643014346,2026-01-04 01:55:46.093113,v4.0
6146783,292.7465363257519,2026-01-04 01:55:46.096898,v4.0
13788132,235.50709129037628,2026-01-04 01:55:46.100336,v4.0
658772827164292906,317.3983723286295,2026-01-04 01:55:46.103934,v4.0
53386606,238.4335245098014,2026-01-04 01:55:46.107848,v4.0
1093615036600977781,220.13950284723762,2026-01-04 01:55:46.111368,v4.0
1450862669308335601,213.9388944148412,2026-01-04 01:55:46.115009,v4.0
838028693896424740,146.50351984101985,2026-01-04 01:55:46.118628,v4.0
52611526,325.3078796188102,2026-01-04 01:55:46.122,v4.0
34705719,186.05740626854487,2026-01-04 01:55:46.125795,v4.0
995941212621416043,209.0055459270965,2026-01-04 01:55:46.129255,v4.0
7837816,223.68204724135035,2026-01-04 01:55:46.133161,v4.0
16580,256.94296711865064,2026-01-04 01:55:46.137054,v4.0
1003437049851150279,261.6173944882246,2026-01-04 01:55:46.140771,v4.0
54068618,217.5076938499793,2026-01-04 01:55:46.144391,v4.0
19086522,194.81931505576557,2026-01-04 01:55:46.147899,v4.0
886856156430249385,378.3570164716713,2026-01-04 01:55:46.152027,v4.0
751544681082578652,176.41423466167643,2026-01-04 01:55:46.155814,v4.0
13902725,229.96951964356023,2026-01-04 01:55:46.159629,v4.0
1166118086665626216,171.43525620284788,2026-01-04 01:55:46.162979,v4.0
47906957,242.97314548104956,2026-01-04 01:55:46.166939,v4.0
45752036,203.84720444642596,2026-01-04 01:55:46.170497,v4.0
1385444743317351076,170.5737853892353,2026-01-04 01:55:46.174525,v4.0
1177359119693006427,274.3695442429294,2026-01-04 01:55:46.178047,v4.0
1069580354212412517,299.5812572962264,2026-01-04 01:55:46.181831,v4.0
1407336432341758567,162.31495759449373,2026-01-04 01:55:46.185163,v4.0
1212893880121060294,217.90002248526335,2026-01-04 01:55:46.188379,v4.0
1102123641767898783,249.03858187669337,2026-01-04 01:55:46.191866,v4.0
764578441677175829,296.8687461760355,2026-01-04 01:55:46.195866,v4.0
1105496514661879085,217.71633321715524,2026-01-04 01:55:46.199525,v4.0
859771139425703476,270.84272797646366,2026-01-04 01:55:46.202746,v4.0
1105531878875307358,181.91200721293075,2026-01-04 01:55:46.206582,v4.0
624694699394680598,377.62341272847334,2026-01-04 01:55:46.210536,v4.0
1567491374953791719,246.16958216335175,2026-01-04 01:55:46.214289,v4.0
1532754392237645472,292.44086550392814,2026-01-04 01:55:46.218437,v4.0
15115382,203.03062818133267,2026-01-04 01:55:46.222084,v4.0
32857378,219.32569982814397,2026-01-04 01:55:46.225577,v4.0
670291854273683571,244.45385831845186,2026-01-04 01:55:46.229171,v4.0
49951454,165.3022517233327,2026-01-04 01:55:46.233384,v4.0
697719311988590720,272.2999790554584,2026-01-04 01:55:46.236973,v4.0
645056913089000891,170.50625137653856,2026-01-04 01:55:46.241118,v4.0
733422980036577408,247.32208199572182,2026-01-04 01:55:46.244741,v4.0
897191045434321961,190.9704079085974,2026-01-04 01:55:46.248978,v4.0
1566996074462617006,184.8937824409219,2026-01-04 01:55:46.252877,v4.0
50032602,260.8735154183023,2026-01-04 01:55:46.256601,v4.0
701279449329328106,225.3795633515296,2026-01-04 01:55:46.259956,v4.0
41367371,219.67758630413127,2026-01-04 01:55:46.263738,v4.0
1157321297978459399,284.76541205052786,2026-01-04 01:55:46.267273,v4.0
50888320,271.19691126952563,2026-01-04 01:55:46.27067,v4.0
53494300,228.841953518281,2026-01-04 01:55:46.274629,v4.0
9996642,208.99336589410953,2026-01-04 01:55:46.278036,v4.0
1213312688643568568,310.4091744359372,2026-01-04 01:55:46.281635,v4.0
1518427333465583788,210.8584076897436,2026-01-04 01:55:46.286263,v4.0
666022943667475224,244.80237577566294,2026-01-04 01:55:46.28977,v4.0
52921783,258.0793922417467,2026-01-04 01:55:46.293442,v4.0
52128553,301.1695062816658,2026-01-04 01:55:46.297702,v4.0
1020325080427729176,291.99041089503544,2026-01-04 01:55:46.301112,v4.0
11371773,329.81129389140165,2026-01-04 01:55:46.305052,v4.0
54508,172.867092747016,2026-01-04 01:55:46.308474,v4.0
20999025,211.68704149719545,2026-01-04 01:55:46.312333,v4.0
827423328399331714,327.0234476841204,2026-01-04 01:55:46.316217,v4.0
52417197,282.02535076973464,2026-01-04 01:55:46.319714,v4.0
972740017700582747,216.42453634841692,2026-01-04 01:55:46.323251,v4.0
1464936280528850009,203.5586401896752,2026-01-04 01:55:46.327379,v4.0
1127656056268893557,211.51214079049151,2026-01-04 01:55:46.330774,v4.0
1197859177973871671,210.78792716243373,2026-01-04 01:55:46.334874,v4.0
22109870,176.24604078668938,2026-01-04 01:55:46.338194,v4.0
744307258225953765,146.78486348408822,2026-01-04 01:55:46.342426,v4.0
24996332,234.81624764477078,2026-01-04 01:55:46.346231,v4.0
5309959,202.51843651624586,2026-01-04 01:55:46.350411,v4.0
3527764,208.7559109732489,2026-01-04 01:55:46.353874,v4.0
1490830536258207250,224.82529290514222,2026-01-04 01:55:46.357724,v4.0
1008246140374586613,217.27908540089336,2026-01-04 01:55:46.361391,v4.0
1545780467549214924,239.90307121125662,2026-01-04 01:55:46.365164,v4.0
742567489503884321,220.8979392447586,2026-01-04 01:55:46.368728,v4.0
972805172969056732,210.9227907160909,2026-01-04 01:55:46.372715,v4.0
1380653801422991291,219.90954461550996,2026-01-04 01:55:46.377164,v4.0
1115471563998250173,283.4045799704584,2026-01-04 01:55:46.380742,v4.0
759618126064467893,170.33749905867464,2026-01-04 01:55:46.384386,v4.0
1211608172160011490,284.86111262073166,2026-01-04 01:55:46.388578,v4.0
1438686431347188407,306.9612863310017,2026-01-04 01:55:46.39235,v4.0
1083605109713339980,198.49883805957188,2026-01-04 01:55:46.395942,v4.0
1030471955409301019,313.29240949325185,2026-01-04 01:55:46.400106,v4.0
1011664069029780820,295.9099997151992,2026-01-04 01:55:46.404757,v4.0
52554380,219.8561055511105,2026-01-04 01:55:46.408775,v4.0
617499038697675576,278.0096364639939,2026-01-04 01:55:46.412437,v4.0
33834302,260.6136055536929,2026-01-04 01:55:46.416275,v4.0
16477217,229.5071238195546,2026-01-04 01:55:46.420024,v4.0
1191641490915728445,344.7674401125204,2026-01-04 01:55:46.424073,v4.0
9386008,245.86252541752236,2026-01-04 01:55:46.427732,v4.0
1535157466371657330,240.55672856309377,2026-01-04 01:55:46.431449,v4.0
1116547318831943620,315.61994846873665,2026-01-04 01:55:46.435054,v4.0
917337949513910656,273.77941771555487,2026-01-04 01:55:46.438552,v4.0
1158421229819722537,213.002383583495,2026-01-04 01:55:46.442238,v4.0
613571308054748225,291.7922060341429,2026-01-04 01:55:46.446162,v4.0
1511038171725185830,310.93689476743873,2026-01-04 01:55:46.450313,v4.0
1490101713483931284,343.3572536243373,2026-01-04 01:55:46.454012,v4.0
1542976832602708879,259.0847973779445,2026-01-04 01:55:46.458196,v4.0
1549753973172786032,221.61040986585317,2026-01-04 01:55:46.462102,v4.0
1583781679885801491,306.9258121321906,2026-01-04 01:55:46.466225,v4.0
13561970,205.66191822656802,2026-01-04 01:55:46.469914,v4.0
1441537667622397192,263.66698960581357,2026-01-04 01:55:46.473724,v4.0
707367270689272176,307.9307059700351,2026-01-04 01:55:46.47777,v4.0
1158898833391111000,238.3033575361722,2026-01-04 01:55:46.481452,v4.0
1175761700034327015,216.71023154847822,2026-01-04 01:55:46.485115,v4.0
1572304945512433187,201.84371501084087,2026-01-04 01:55:46.488986,v4.0
1334449327806642973,312.097572751527,2026-01-04 01:55:46.492765,v4.0
1467125865866174098,315.26839853826476,2026-01-04 01:55:46.496049,v4.0
50153384,262.2433531578469,2026-01-04 01:55:46.499787,v4.0
1117633294578182697,226.78510245906364,2026-01-04 01:55:46.503375,v4.0
1224050223029907849,234.8070605344501,2026-01-04 01:55:46.507975,v4.0
746115,258.4226825890996,2026-01-04 01:55:46.51213,v4.0
1479864153537272159,287.53421686156105,2026-01-04 01:55:46.516689,v4.0
1380857047072012045,236.49000114703594,2026-01-04 01:55:46.520628,v4.0
891285103107762478,287.7081964684641,2026-01-04 01:55:46.525114,v4.0
1099697666994383724,289.62588084675224,2026-01-04 01:55:46.529472,v4.0
1132885048746136541,246.59803550318227,2026-01-04 01:55:46.533978,v4.0
1306010210467708743,273.982751499851,2026-01-04 01:55:46.538408,v4.0
1424258376308234858,206.78178993284698,2026-01-04 01:55:46.543399,v4.0
1525651849805447084,288.73632617994355,2026-01-04 01:55:46.547204,v4.0
1497560404511255627,358.5844529302294,2026-01-04 01:55:46.551694,v4.0
1524141310441759146,313.76345611562306,2026-01-04 01:55:46.555742,v4.0
1055187938063143300,195.10851523776913,2026-01-04 01:55:46.55983,v4.0
40976158,284.56829483339976,2026-01-04 01:55:46.564219,v4.0
1349486556345255494,269.77965372976524,2026-01-04 01:55:46.568002,v4.0
1433746376656090683,335.11865272335456,2026-01-04 01:55:46.571919,v4.0
1577810983034771791,332.2603352294164,2026-01-04 01:55:46.576354,v4.0
39729344,170.58241339801208,2026-01-04 01:55:46.580572,v4.0
21218557,247.36377580296082,2026-01-04 01:55:46.585022,v4.0
1577489096553584643,251.278492306068,2026-01-04 01:55:46.589311,v4.0
1244527144123868060,345.97083502635985,2026-01-04 01:55:46.593587,v4.0
32191306,239.86004881275733,2026-01-04 01:55:46.598243,v4.0
1522784582591793210,383.6986241978317,2026-01-04 01:55:46.602547,v4.0
1129961356763646543,341.4634765367073,2026-01-04 01:55:46.606615,v4.0
395221,418.17771906795133,2026-01-04 01:55:46.610784,v4.0
956520617714991004,261.5579016895682,2026-01-04 01:55:46.615397,v4.0
3751832,276.44825358374777,2026-01-04 01:55:46.62004,v4.0
975622708225877098,251.186066005455,2026-01-04 01:55:46.62487,v4.0
1286601792929385871,230.84135859764274,2026-01-04 01:55:46.629286,v4.0
53386665,320.7441487157219,2026-01-04 01:55:46.633815,v4.0
1451691913671482452,330.83742400248707,2026-01-04 01:55:46.6379,v4.0
1516926185181955865,253.35524966047183,2026-01-04 01:55:46.642641,v4.0
1410030599090321589,425.7323112974536,2026-01-04 01:55:46.647253,v4.0
1077513687676546697,257.30163643801603,2026-01-04 01:55:46.651918,v4.0
712461884299712808,204.08620711030346,2026-01-04 01:55:46.656085,v4.0
1472066892160415362,282.91378288086355,2026-01-04 01:55:46.660523,v4.0
1524420567744285831,258.08529289252994,2026-01-04 01:55:46.664304,v4.0
950928010848620401,236.28943141553904,2026-01-04 01:55:46.668622,v4.0
1456213917939463884,252.54835244219194,2026-01-04 01:55:46.67249,v4.0
6972777,308.79068453475554,2026-01-04 01:55:46.676417,v4.0
19710742,282.89355282172284,2026-01-04 01:55:46.679846,v4.0
1384207415200635749,266.85886200279975,2026-01-04 01:55:46.68426,v4.0
50287920,222.69280064522218,2026-01-04 01:55:46.688476,v4.0
1044596274887028908,239.00384923962827,2026-01-04 01:55:46.692181,v4.0
33070946,197.61991778207806,2026-01-04 01:55:46.696424,v4.0
1157986393909875539,226.25713678553495,2026-01-04 01:55:46.700196,v4.0
804194,259.7903322734653,2026-01-04 01:55:46.704071,v4.0
50288808,275.1465605170116,2026-01-04 01:55:46.708213,v4.0
1572553352203351867,239.36452064525906,2026-01-04 01:55:46.712077,v4.0
28667823,276.6986610338523,2026-01-04 01:55:46.715615,v4.0
50654386,210.83991579683084,2026-01-04 01:55:46.7194,v4.0
22088301,313.09452034928086,2026-01-04 01:55:46.722991,v4.0
1177500655441331249,238.386565387403,2026-01-04 01:55:46.726821,v4.0
676244972932806014,155.1295084181766,2026-01-04 01:55:46.730393,v4.0
1545033170704904348,274.99961777404366,2026-01-04 01:55:46.734356,v4.0
836303561738204172,304.9668625972838,2026-01-04 01:55:46.738169,v4.0
8513235,190.13626895699488,2026-01-04 01:55:46.741795,v4.0
942924161054079470,372.46535061787,2026-01-04 01:55:46.745688,v4.0
822620155766229408,321.9876252300042,2026-01-04 01:55:46.749651,v4.0
1256752579877769406,182.93250070719012,2026-01-04 01:55:46.753184,v4.0
1066296521196856628,306.6229969738753,2026-01-04 01:55:46.75737,v4.0
1274819693947567069,438.28193287566575,2026-01-04 01:55:46.760575,v4.0
1527080220580206427,239.9101347744495,2026-01-04 01:55:46.764408,v4.0
1447435494147953465,318.3197952909642,2026-01-04 01:55:46.768483,v4.0
1471843879867954435,280.572543748081,2026-01-04 01:55:46.772146,v4.0
1531919895491774964,362.87857102148837,2026-01-04 01:55:46.776103,v4.0
1491736708458333213,321.63306145146515,2026-01-04 01:55:46.779774,v4.0
1426120927322991969,240.69721766034291,2026-01-04 01:55:46.783505,v4.0
1122670703887751615,341.1600605281989,2026-01-04 01:55:46.787293,v4.0
1493745390107438462,374.68916726685114,2026-01-04 01:55:46.791431,v4.0
1524453622586913569,246.8301769667389,2026-01-04 01:55:46.794874,v4.0
1530509383446317753,299.1473823002327,2026-01-04 01:55:46.799093,v4.0
1381557325830172059,310.7186168523144,2026-01-04 01:55:46.802415,v4.0
739143,325.9357152985724,2026-01-04 01:55:46.806016,v4.0
1544441699366428503,375.4810848596336,2026-01-04 01:55:46.809947,v4.0
1545936785090610442,321.98878686925224,2026-01-04 01:55:46.813688,v4.0
1410455424614185921,152.94950927866557,2026-01-04 01:55:46.817513,v4.0
1419659115792293215,232.6259172676038,2026-01-04 01:55:46.821221,v4.0
1337136423001367854,307.9862330136394,2026-01-04 01:55:46.824867,v4.0
1273342441543046706,338.44627030346464,2026-01-04 01:55:46.828553,v4.0
1439259377424958031,324.1184668007748,2026-01-04 01:55:46.832703,v4.0
52853265,181.26751906875705,2026-01-04 01:55:46.83612,v4.0
1369102055975860834,293.3253176171636,2026-01-04 01:55:46.839853,v4.0
1381556544898698656,378.144799387235,2026-01-04 01:55:46.843497,v4.0
1087044890606110100,246.71558730613435,2026-01-04 01:55:46.847673,v4.0
8230919,288.5945731540355,2026-01-04 01:55:46.852213,v4.0
1166675065640040160,316.7451200586491,2026-01-04 01:55:46.856143,v4.0
30561576,255.46710655768118,2026-01-04 01:55:46.860082,v4.0
16859412,199.46367471098813,2026-01-04 01:55:46.863471,v4.0
638561028843920472,256.2556033809879,2026-01-04 01:55:46.867216,v4.0
1268933877587519178,261.04024305275493,2026-01-04 01:55:46.870547,v4.0
1081462243487873391,289.2866777332571,2026-01-04 01:55:46.874433,v4.0
1422721451605695553,333.3444919662848,2026-01-04 01:55:46.878235,v4.0
1147794504460721375,385.21317765909976,2026-01-04 01:55:46.882246,v4.0
1556253167791665208,346.28053309046595,2026-01-04 01:55:46.886025,v4.0
1359171525072895766,397.7030844216383,2026-01-04 01:55:46.88936,v4.0
1444468881640185072,256.81291641496136,2026-01-04 01:55:46.893564,v4.0
1482206149760284092,248.09485822261578,2026-01-04 01:55:46.896751,v4.0
1572320521933195056,199.4742769868097,2026-01-04 01:55:46.900639,v4.0
1582643035671062425,224.47453706712898,2026-01-04 01:55:46.904716,v4.0
1549718186696369487,294.13692464016856,2026-01-04 01:55:46.908546,v4.0
1063918014388720472,216.10107562896263,2026-01-04 01:55:46.912341,v4.0
5760160,187.40265403727636,2026-01-04 01:55:46.91645,v4.0
1501711636062713449,276.4182238726936,2026-01-04 01:55:46.92007,v4.0
19844320,267.27651722212266,2026-01-04 01:55:46.924003,v4.0
22907568,255.14370662853247,2026-01-04 01:55:46.92753,v4.0
11759284,284.18980109899263,2026-01-04 01:55:46.931171,v4.0
48200657,275.90737293859985,2026-01-04 01:55:46.935105,v4.0
30105493,363.6235966412046,2026-01-04 01:55:46.9386,v4.0
1503030353104225399,280.68007090053595,2026-01-04 01:55:46.942221,v4.0
6166826,307.8794002482338,2026-01-04 01:55:46.945898,v4.0
1383534710447097074,277.21366574987684,2026-01-04 01:55:46.949811,v4.0
12133672,377.0214356974667,2026-01-04 01:55:46.953544,v4.0
1240735,178.94915884828808,2026-01-04 01:55:46.956894,v4.0
6527658,271.465441329312,2026-01-04 01:55:46.960904,v4.0
30492727,265.84360917712553,2026-01-04 01:55:46.964237,v4.0
15832524,216.5227514814829,2026-01-04 01:55:46.96849,v4.0
48170773,363.5267607959509,2026-01-04 01:55:46.972245,v4.0
40113324,241.35281504162253,2026-01-04 01:55:46.976055,v4.0
46068347,293.6641321361519,2026-01-04 01:55:46.979727,v4.0
45841551,275.882322686911,2026-01-04 01:55:46.983804,v4.0
1529805604276290772,299.04317723192725,2026-01-04 01:55:46.987445,v4.0
12270677,248.5888191281492,2026-01-04 01:55:46.991705,v4.0
1197132248327674617,276.9355016429524,2026-01-04 01:55:46.995704,v4.0
838711201434289236,298.5848746357006,2026-01-04 01:55:46.999628,v4.0
560179706514869791,314.650248454098,2026-01-04 01:55:47.003336,v4.0
1424325366150488978,287.98698829118416,2026-01-04 01:55:47.00654,v4.0
44476913,302.04414322134653,2026-01-04 01:55:47.010034,v4.0
1069562125382859559,296.9094551376242,2026-01-04 01:55:47.013523,v4.0
8090216,247.43702695039264,2026-01-04 01:55:47.017315,v4.0
1567581744121725619,291.8703373313454,2026-01-04 01:55:47.020455,v4.0
1342171374926101056,308.1810661383801,2026-01-04 01:55:47.024522,v4.0
20950847,212.37653401303925,2026-01-04 01:55:47.027731,v4.0
13929245,269.44895502512287,2026-01-04 01:55:47.031793,v4.0
705370482416709329,203.83577680254632,2026-01-04 01:55:47.035963,v4.0
1109823537876520834,237.09357787774354,2026-01-04 01:55:47.039364,v4.0
1272889279433414892,283.8667735043235,2026-01-04 01:55:47.043506,v4.0
1257025,235.02727153522676,2026-01-04 01:55:47.046711,v4.0
2494793,231.71040580757133,2026-01-04 01:55:47.050024,v4.0
1374846243207947352,225.43680350498988,2026-01-04 01:55:47.053337,v4.0
1275461579290422929,235.5294724793274,2026-01-04 01:55:47.057253,v4.0
1245172421788573068,341.2916231275718,2026-01-04 01:55:47.060914,v4.0
7915305,264.6283431349106,2026-01-04 01:55:47.064318,v4.0
675418095311402651,302.44963476849676,2026-01-04 01:55:47.06813,v4.0
1999243,206.19286169798784,2026-01-04 01:55:47.07162,v4.0
20946239,355.6770871289115,2026-01-04 01:55:47.07541,v4.0
1268136170467948347,292.55815866166574,2026-01-04 01:55:47.078779,v4.0
1451549628268336613,266.7410579721403,2026-01-04 01:55:47.082429,v4.0
1513293108236400730,271.3280976146695,2026-01-04 01:55:47.086127,v4.0
1568359242198093823,259.43810092487985,2026-01-04 01:55:47.090013,v4.0
51872416,264.35770752875817,2026-01-04 01:55:47.093513,v4.0
1421036882181536783,341.69990079507994,2026-01-04 01:55:47.097028,v4.0
610666500252337896,202.63329387206403,2026-01-04 01:55:47.100867,v4.0
1517826923792683823,310.5321102906515,2026-01-04 01:55:47.104025,v4.0
869561893525362402,268.9797343529811,2026-01-04 01:55:47.107948,v4.0
3259107,273.3569398136722,2026-01-04 01:55:47.11109,v4.0
1567163416375792901,306.3887087595666,2026-01-04 01:55:47.114934,v4.0
10429604,292.58948988668436,2026-01-04 01:55:47.118688,v4.0
9795877,392.39417614608385,2026-01-04 01:55:47.122272,v4.0
7399448,208.7580304022311,2026-01-04 01:55:47.12585,v4.0
922744584561278406,320.4074826812433,2026-01-04 01:55:47.12928,v4.0
1527085554016774172,261.0827866949403,2026-01-04 01:55:47.133157,v4.0
51498,244.81792774761294,2026-01-04 01:55:47.136586,v4.0
1503098224238776096,259.8480970923087,2026-01-04 01:55:47.140571,v4.0
1032617056422118872,345.79720126175266,2026-01-04 01:55:47.144338,v4.0
801336,189.89168016708246,2026-01-04 01:55:47.147939,v4.0
1575056808941397013,295.58899329461883,2026-01-04 01:55:47.151661,v4.0
1453121226394001563,197.0839573111769,2026-01-04 01:55:47.15512,v4.0
1380757333291583843,347.56973728642004,2026-01-04 01:55:47.158246,v4.0
815206410272939264,293.6594110691997,2026-01-04 01:55:47.16192,v4.0
851777209804753296,285.53646132832125,2026-01-04 01:55:47.165073,v4.0
738808066933887303,217.50418923390868,2026-01-04 01:55:47.168405,v4.0
8090406,273.31521229734864,2026-01-04 01:55:47.172178,v4.0
874757150246938448,290.5838289925046,2026-01-04 01:55:47.175826,v4.0
1342212540742267736,333.218727117268,2026-01-04 01:55:47.178835,v4.0
935620569480913872,428.8989193535748,2026-01-04 01:55:47.182787,v4.0
22978748,324.6377134470772,2026-01-04 01:55:47.186276,v4.0
1421903115146893728,271.88062989846577,2026-01-04 01:55:47.190021,v4.0
1443890617110255424,239.30233566732701,2026-01-04 01:55:47.19304,v4.0
1539234016939809544,309.9834062641777,2026-01-04 01:55:47.196958,v4.0
1438797482904537093,296.4236448055693,2026-01-04 01:55:47.200693,v4.0
824761192116311440,373.25245226844703,2026-01-04 01:55:47.204068,v4.0
1101004232568386733,244.9254152374665,2026-01-04 01:55:47.207854,v4.0
1445882154714046283,314.1461070797455,2026-01-04 01:55:47.210808,v4.0
1526362827812038016,245.13708667421002,2026-01-04 01:55:47.214767,v4.0
1299693008610118641,218.94736179527803,2026-01-04 01:55:47.218453,v4.0
1561855575256679103,281.12210927334974,2026-01-04 01:55:47.221467,v4.0
1457840464438096239,204.43711031890905,2026-01-04 01:55:47.224723,v4.0
1348820973051082801,243.31711943973102,2026-01-04 01:55:47.228183,v4.0
1334820836709534179,224.93663643410588,2026-01-04 01:55:47.232085,v4.0
1250532327904932443,284.5258279776537,2026-01-04 01:55:47.235372,v4.0
1293787829009614899,241.11802014625596,2026-01-04 01:55:47.239309,v4.0
1321012476779647336,324.9702541417277,2026-01-04 01:55:47.242834,v4.0
1385698795727564646,247.49995139601316,2026-01-04 01:55:47.246175,v4.0
1052398121872631109,214.82870118577705,2026-01-04 01:55:47.249566,v4.0
1574442753342763775,191.73852303683663,2026-01-04 01:55:47.252716,v4.0
1005914845377005142,354.874783572719,2026-01-04 01:55:47.256593,v4.0
1075827688307509434,319.9561749754432,2026-01-04 01:55:47.260256,v4.0
1124108556567156516,192.50738416540796,2026-01-04 01:55:47.263641,v4.0
1347591778778661139,230.26255144553005,2026-01-04 01:55:47.267236,v4.0
1574378936697932937,195.86261006096373,2026-01-04 01:55:47.270722,v4.0
900091690790861317,287.4540899347387,2026-01-04 01:55:47.274719,v4.0
1564240211724550970,277.9338394058353,2026-01-04 01:55:47.277764,v4.0
1436233742340482947,254.86400584588444,2026-01-04 01:55:47.281904,v4.0
910323431222170507,214.848661125084,2026-01-04 01:55:47.285475,v4.0
1256752579877769406,182.93250070719012,2026-01-04 01:55:47.289309,v4.0
822620155766229408,321.9876252300042,2026-01-04 01:55:47.292857,v4.0
1066296521196856628,306.6229969738753,2026-01-04 01:55:47.296337,v4.0
1527080220580206427,239.9101347744495,2026-01-04 01:55:47.300136,v4.0
1274819693947567069,438.28193287566575,2026-01-04 01:55:47.303702,v4.0
1426120927322991969,240.69721766034291,2026-01-04 01:55:47.3075,v4.0
1493745390107438462,374.68916726685114,2026-01-04 01:55:47.310343,v4.0
1524453622586913569,246.8301769667389,2026-01-04 01:55:47.31391,v4.0
1122670703887751615,341.1600605281989,2026-01-04 01:55:47.317238,v4.0
1530509383446317753,299.1473823002327,2026-01-04 01:55:47.320378,v4.0
1545936785090610442,321.98878686925224,2026-01-04 01:55:47.324217,v4.0
739143,325.9357152985724,2026-01-04 01:55:47.327879,v4.0
1410455424614185921,152.94950927866557,2026-01-04 01:55:47.331515,v4.0
1273342441543046706,338.44627030346464,2026-01-04 01:55:47.335117,v4.0
52853265,181.26751906875705,2026-01-04 01:55:47.338912,v4.0
1337136423001367854,307.9862330136394,2026-01-04 01:55:47.341964,v4.0
1381556544898698656,378.144799387235,2026-01-04 01:55:47.345704,v4.0
1087044890606110100,246.71558730613435,2026-01-04 01:55:47.348927,v4.0
8230919,288.5945731540355,2026-01-04 01:55:47.352808,v4.0
1063918014388720472,216.10107562896263,2026-01-04 01:55:47.35607,v4.0
1547351086225719000,268.82298867226524,2026-01-04 01:55:47.360297,v4.0
1501711636062713449,276.4182238726936,2026-01-04 01:55:47.364233,v4.0
5760160,187.40265403727636,2026-01-04 01:55:47.368149,v4.0
19844320,267.27651722212266,2026-01-04 01:55:47.371628,v4.0
11759284,284.18980109899263,2026-01-04 01:55:47.375408,v4.0
48200657,275.90737293859985,2026-01-04 01:55:47.379456,v4.0
1503030353104225399,280.68007090053595,2026-01-04 01:55:47.387458,v4.0
48170773,363.5267607959509,2026-01-04 01:55:47.391465,v4.0
30105493,363.6235966412046,2026-01-04 01:55:47.395232,v4.0
1005914845377005142,354.874783572719,2026-01-04 01:55:47.399205,v4.0
1240735,178.94915884828808,2026-01-04 01:55:47.403493,v4.0
12133672,377.0214356974667,2026-01-04 01:55:47.407465,v4.0
6166826,307.8794002482338,2026-01-04 01:55:47.410634,v4.0
1383534710447097074,277.21366574987684,2026-01-04 01:55:47.414349,v4.0
30492727,265.84360917712553,2026-01-04 01:55:47.41784,v4.0
15832524,216.5227514814829,2026-01-04 01:55:47.421369,v4.0
1529805604276290772,299.04317723192725,2026-01-04 01:55:47.4254,v4.0
1424325366150488978,287.98698829118416,2026-01-04 01:55:47.428991,v4.0
6527658,271.465441329312,2026-01-04 01:55:47.432999,v4.0
12270677,248.5888191281492,2026-01-04 01:55:47.436229,v4.0
1197132248327674617,276.9355016429524,2026-01-04 01:55:47.439585,v4.0
801336,189.89168016708246,2026-01-04 01:55:47.443548,v4.0
51498,244.81792774761294,2026-01-04 01:55:47.447624,v4.0
1575056808941397013,295.58899329461883,2026-01-04 01:55:47.450745,v4.0
1380757333291583843,347.56973728642004,2026-01-04 01:55:47.454049,v4.0
1453121226394001563,197.0839573111769,2026-01-04 01:55:47.457892,v4.0
738808066933887303,217.50418923390868,2026-01-04 01:55:47.461608,v4.0
1526362827812038016,245.13708667421002,2026-01-04 01:55:47.465264,v4.0
1052398121872631109,214.82870118577705,2026-01-04 01:55:47.468381,v4.0
1572320521933195056,199.4742769868097,2026-01-04 01:55:47.472384,v4.0
1574378936697932937,195.86261006096373,2026-01-04 01:55:47.475823,v4.0
1577810983034771791,332.2603352294164,2026-01-04 01:55:47.479539,v4.0
1349486556345255494,269.77965372976524,2026-01-04 01:55:47.482634,v4.0
1157779514728006766,238.1951529721146,2026-01-04 01:55:47.485913,v4.0
1075827688307509434,319.9561749754432,2026-01-04 01:55:47.489821,v4.0
815206410272939264,293.6594110691997,2026-01-04 01:55:47.4933,v4.0
1559011826991419664,184.1316851909869,2026-01-04 01:55:47.496405,v4.0
1564240211724550970,277.9338394058353,2026-01-04 01:55:47.500436,v4.0
1440492343478263869,168.24986526397376,2026-01-04 01:55:47.504051,v4.0
1396456624160193887,278.22456498739433,2026-01-04 01:55:47.507956,v4.0
1401563439385046117,255.82378867382232,2026-01-04 01:55:47.511131,v4.0
1359851844467685956,325.84370254690083,2026-01-04 01:55:47.515174,v4.0
1124108556567156516,192.50738416540796,2026-01-04 01:55:47.518975,v4.0
41216816,289.9086764997117,2026-01-04 01:55:47.522992,v4.0
1436233742340482947,254.86400584588444,2026-01-04 01:55:47.526528,v4.0
16845501,338.55169947014946,2026-01-04 01:55:47.529983,v4.0
910323431222170507,214.848661125084,2026-01-04 01:55:47.533224,v4.0
1325050928463769480,168.4600454161548,2026-01-04 01:55:47.536892,v4.0
34487373,275.15707074756995,2026-01-04 01:55:47.540292,v4.0
1394234701461568839,345.487189246495,2026-01-04 01:55:47.544329,v4.0
19194956,153.14780370667134,2026-01-04 01:55:47.548078,v4.0
1200011902007184561,211.52439759739366,2026-01-04 01:55:47.551804,v4.0
759618126064467893,170.33749905867464,2026-01-04 01:55:47.555203,v4.0
1574314431236484074,215.72150308952683,2026-01-04 01:55:47.559048,v4.0
35154913,278.86941247550936,2026-01-04 01:55:47.562073,v4.0
31301754,257.20733534757335,2026-01-04 01:55:47.565336,v4.0
8704528,253.4397094975968,2026-01-04 01:55:47.569398,v4.0
14918238,197.24506229732316,2026-01-04 01:55:47.573254,v4.0
1162392324462030686,276.8211996016572,2026-01-04 01:55:47.577043,v4.0
1572553352203351867,239.36452064525906,2026-01-04 01:55:47.580138,v4.0
1177500655441331249,238.386565387403,2026-01-04 01:55:47.583394,v4.0
617499038697675576,278.0096364639939,2026-01-04 01:55:47.587217,v4.0
47977634,194.7649515846045,2026-01-04 01:55:47.590805,v4.0
1347591778778661139,230.26255144553005,2026-01-04 01:55:47.593903,v4.0
6729222,377.06659764413956,2026-01-04 01:55:47.597401,v4.0
13324754,339.9809565271076,2026-01-04 01:55:47.601234,v4.0
1373650635850538057,361.142426660156,2026-01-04 01:55:47.604577,v4.0
1333493676309432572,271.3362497277438,2026-01-04 01:55:47.607956,v4.0
968836332215606397,335.7921431741682,2026-01-04 01:55:47.611098,v4.0
900091690790861317,287.4540899347387,2026-01-04 01:55:47.614888,v4.0
44476913,302.04414322134653,2026-01-04 01:55:47.618531,v4.0
1421935498658014936,358.5796366780626,2026-01-04 01:55:47.622008,v4.0
4331882,325.59113420295654,2026-01-04 01:55:47.62604,v4.0
53127410,261.60188203897786,2026-01-04 01:55:47.629092,v4.0
933439592551659784,294.61261382071217,2026-01-04 01:55:47.633085,v4.0
1580670972866443959,307.0055185542574,2026-01-04 01:55:47.636107,v4.0
39251646,256.4389439418804,2026-01-04 01:55:47.639988,v4.0
1310963867198091124,336.7068075967892,2026-01-04 01:55:47.64378,v4.0
1118169635195232605,208.29541504200614,2026-01-04 01:55:47.647294,v4.0
1421225717847096179,248.39425420423274,2026-01-04 01:55:47.650701,v4.0
1451181733743996102,371.46408804844214,2026-01-04 01:55:47.654257,v4.0
1586005882651795956,239.54214478394178,2026-01-04 01:55:47.657363,v4.0
1568604412261891363,298.2954167695613,2026-01-04 01:55:47.660849,v4.0
724702772019188387,386.5154832920451,2026-01-04 01:55:47.664057,v4.0
1449333582048837621,301.375423122823,2026-01-04 01:56:50.935264,v4.0
8055582,296.2374799036787,2026-01-04 01:57:01.616748,v4.0
1518427333465583788,210.8584076897436,2026-01-04 01:57:06.897837,v4.0
891285103107762478,287.7081964684641,2026-01-04 01:57:12.055903,v4.0
1450862669308335601,213.9388944148412,2026-01-04 01:57:15.36155,v4.0
1449333582048837621,301.375423122823,2026-01-04 01:57:19.202661,v4.0
39251646,256.4389439418804,2026-01-04 01:57:45.588286,v4.0
